Timestamp,Temperature,Vibration,UsageHours,MaintenanceType,MaintenanceCost,Failure
2022-01-01 00:00:00,23.48329919851826,0.06307998087120345,765,Preventive,1014.9267498137606,1
2022-01-01 01:00:00,28.089628600489586,0.07961112390455413,793,Corrective,906.7970370539113,0
2022-01-01 02:00:00,24.596371878254246,0.060262381914536305,667,Preventive,1187.4327478678424,1
2022-01-01 03:00:00,26.26124304819176,0.026670070532284942,573,Corrective,1456.069173441203,1
2022-01-01 04:00:00,22.036468308515374,0.043070211078560156,770,Preventive,1017.2292122223594,0
2022-01-01 05:00:00,20.93675404775373,0.07210135568109412,695,Preventive,799.3651638175252,0
2022-01-01 06:00:00,29.75525967266139,0.07958366867223292,616,Corrective,1482.1883582953233,0
2022-01-01 07:00:00,23.673438283352695,0.041421283713053245,550,Corrective,695.5463077931804,1
2022-01-01 08:00:00,25.762839679431597,0.025382204713223798,491,Preventive,549.2649623162264,0
2022-01-01 09:00:00,22.459320679546174,0.022373162210631,651,Corrective,1141.443656234469,0
2022-01-01 10:00:00,29.92458694744705,0.06976855948237606,425,Corrective,839.8196865242271,1
2022-01-01 11:00:00,25.662711282772747,0.07939584628678431,588,Corrective,1495.3222073745874,1
2022-01-01 12:00:00,25.167864455272888,0.09965871387200495,525,Preventive,976.9116660243769,0
2022-01-01 13:00:00,28.814339679725215,0.07506880832508081,418,Corrective,963.1007123582405,0
2022-01-01 14:00:00,20.11913395629945,0.0783150685688457,493,Preventive,1376.1311005387715,1
2022-01-01 15:00:00,27.3024320970152,0.011554071442954622,553,Corrective,762.4107883850097,1
2022-01-01 16:00:00,23.18779682879381,0.054331756024767364,621,Preventive,636.0443929864839,1
2022-01-01 17:00:00,26.500025791733545,0.07128995775382868,478,Preventive,619.4470121649092,0
2022-01-01 18:00:00,28.253221089727127,0.013669008952379474,771,Corrective,923.4951030346953,1
2022-01-01 19:00:00,24.34238012056148,0.03704747931498128,721,Corrective,1382.20931661282,1
2022-01-01 20:00:00,21.568386889103753,0.05423795589292562,426,Corrective,914.1970019764058,0
2022-01-01 21:00:00,24.77359904299351,0.07305962007785329,455,Corrective,710.6416323997682,0
2022-01-01 22:00:00,23.300078747148046,0.01024187731909738,468,Preventive,832.5222946089172,0
2022-01-01 23:00:00,22.405414075736598,0.016051842751205657,751,Preventive,547.4504740897986,1
2022-01-02 00:00:00,26.07957310095271,0.033114395262258574,439,Corrective,667.9977754026843,0
2022-01-02 01:00:00,22.139746180082504,0.03529530811567858,652,Corrective,539.6556105229212,0
2022-01-02 02:00:00,24.83683252928375,0.014244326281859496,410,Corrective,1190.5142838660495,1
2022-01-02 03:00:00,24.440785771625574,0.019463360314206368,621,Corrective,795.8591332416025,0
2022-01-02 04:00:00,23.647979523539373,0.031831590598211536,645,Preventive,850.7632537620534,1
2022-01-02 05:00:00,23.630840639422704,0.0974923501046005,489,Preventive,974.0917921027453,1
2022-01-02 06:00:00,22.14049507581836,0.09952293557384645,513,Corrective,774.2211314595985,1
2022-01-02 07:00:00,23.681195357354447,0.06783830706844994,705,Preventive,1084.9447346313104,0
2022-01-02 08:00:00,21.542097957168085,0.09499576402776669,670,Preventive,1485.6089917314061,1
2022-01-02 09:00:00,27.09186767187962,0.0976573986821456,608,Preventive,1435.3981270738768,0
2022-01-02 10:00:00,28.245692241181686,0.08870195856423416,599,Preventive,519.7126137933602,0
2022-01-02 11:00:00,22.860187739142262,0.0968467811737757,644,Corrective,1024.3762223411686,0
2022-01-02 12:00:00,27.05368257918631,0.04462064986309874,688,Preventive,690.2235048827981,0
2022-01-02 13:00:00,29.436051798229766,0.04096230202476831,638,Preventive,1271.8960684126835,1
2022-01-02 14:00:00,21.35640806508323,0.011254322628588177,562,Preventive,623.8834370062943,0
2022-01-02 15:00:00,24.91620208238775,0.03186528873402303,418,Corrective,852.6327704230168,1
2022-01-02 16:00:00,26.575486409921485,0.0636066674702332,598,Corrective,1190.4721134274864,0
2022-01-02 17:00:00,25.22426401928339,0.03031967696624041,701,Corrective,1246.2252076339096,1
2022-01-02 18:00:00,21.304045608362888,0.06929466587943948,673,Corrective,866.9033840282236,0
2022-01-02 19:00:00,24.031370811472243,0.05156318647354098,530,Corrective,1340.1370680292027,1
2022-01-02 20:00:00,24.123952289574856,0.04495909895067191,615,Corrective,1203.94847251805,0
2022-01-02 21:00:00,24.308186558945437,0.025340424040208344,790,Corrective,865.056446134124,1
2022-01-02 22:00:00,21.190864399136665,0.06595410760132028,770,Preventive,1408.5220234592514,0
2022-01-02 23:00:00,22.57969108053413,0.08678704403537268,452,Preventive,835.11857716495,1
2022-01-03 00:00:00,24.710293817057753,0.03878586994054731,423,Corrective,1389.902335973004,0
2022-01-03 01:00:00,28.787967343228978,0.0797860440484262,580,Corrective,1369.5874668670738,0
2022-01-03 02:00:00,27.78956150154326,0.09296741724974794,690,Preventive,1123.3984385218364,0
2022-01-03 03:00:00,27.959634630696435,0.09527245901741635,435,Preventive,578.4385164015048,0
2022-01-03 04:00:00,20.044180887341422,0.030690159652160424,675,Corrective,1371.0018269111454,1
2022-01-03 05:00:00,28.552923824803052,0.07083499481482858,414,Corrective,875.984067995835,0
2022-01-03 06:00:00,21.967392666710463,0.04079785457620827,422,Preventive,1196.099752118586,0
2022-01-03 07:00:00,29.21311791701114,0.07322012922184964,663,Preventive,717.4016498937981,1
2022-01-03 08:00:00,21.157388767435318,0.09652224442125157,712,Preventive,1263.4005502806044,1
2022-01-03 09:00:00,20.99847250087556,0.021811669007289307,460,Corrective,1275.5369965531704,0
2022-01-03 10:00:00,24.149531641983124,0.057916859144439205,490,Corrective,1428.0904584595778,1
2022-01-03 11:00:00,28.301283257987038,0.03619086284222247,745,Corrective,1012.6248693471896,0
2022-01-03 12:00:00,26.58332599710561,0.02495620072561286,532,Corrective,1247.4075750647708,0
2022-01-03 13:00:00,28.405620427928017,0.05576226671055963,711,Corrective,990.5720031086772,1
2022-01-03 14:00:00,22.987291813910367,0.01858217926351662,577,Corrective,1220.742447727664,0
2022-01-03 15:00:00,22.913539353436093,0.08702462375907458,695,Corrective,1082.5292362750683,0
2022-01-03 16:00:00,22.19614018531665,0.01741388834518273,737,Preventive,567.1699581715898,0
2022-01-03 17:00:00,28.731108344033444,0.020205025552209478,742,Preventive,708.0814658306188,0
2022-01-03 18:00:00,29.92531913316599,0.029744720118071874,594,Corrective,648.9739850144837,0
2022-01-03 19:00:00,21.249310826069774,0.04852870250703497,413,Corrective,754.0303775219295,0
2022-01-03 20:00:00,25.16722114986564,0.0891475581084869,670,Corrective,797.6528014755152,0
2022-01-03 21:00:00,23.56036009069376,0.09120413160621389,576,Preventive,1452.6235095949125,1
2022-01-03 22:00:00,27.947122116581752,0.06619858926276764,420,Corrective,1468.8449019552454,0
2022-01-03 23:00:00,28.87431706789173,0.07953065872052453,692,Corrective,682.3706435340714,0
2022-01-04 00:00:00,28.629141040544315,0.08424908868627819,749,Corrective,1350.6412196211586,0
2022-01-04 01:00:00,28.5036887937482,0.060849747795065814,511,Corrective,947.8290693057494,1
2022-01-04 02:00:00,24.321859182320516,0.028768536500432845,489,Corrective,1243.5109352916304,0
2022-01-04 03:00:00,27.598078427099402,0.037105223116016516,636,Preventive,1036.8601043123622,0
2022-01-04 04:00:00,20.60207171807566,0.04783467284966505,769,Preventive,905.9945519680031,1
2022-01-04 05:00:00,22.470618038911844,0.03144962081187612,587,Preventive,707.2142671551169,1
2022-01-04 06:00:00,25.95619512914205,0.015379427599150525,773,Preventive,630.5904459962095,1
2022-01-04 07:00:00,22.683362324953293,0.0839965984011587,512,Corrective,863.0766720799498,0
2022-01-04 08:00:00,29.3975335256828,0.03934031059412184,544,Corrective,1192.5969311399517,1
2022-01-04 09:00:00,26.134037984800386,0.053907015918701735,554,Corrective,1124.506798427487,0
2022-01-04 10:00:00,29.362618569590353,0.03911732698589204,671,Preventive,948.5539676665086,0
2022-01-04 11:00:00,29.461730649557765,0.07196450950928356,451,Preventive,1244.5599284906757,0
2022-01-04 12:00:00,26.00806587625719,0.05332994973726524,653,Corrective,1068.8395485392994,0
2022-01-04 13:00:00,29.362711901808133,0.024324062471643634,674,Corrective,1158.2793196701937,0
2022-01-04 14:00:00,24.453874654244654,0.08619857132043249,611,Preventive,832.4234031880865,0
2022-01-04 15:00:00,20.40318989114629,0.05042268725487696,600,Corrective,1299.7771099270744,0
2022-01-04 16:00:00,20.543172084815566,0.01044762150835789,674,Corrective,539.5827948046319,0
2022-01-04 17:00:00,23.45567474701984,0.03371735714676967,439,Preventive,1351.067212501278,0
2022-01-04 18:00:00,21.994820886372228,0.01976279715161947,404,Corrective,1316.1315668359953,0
2022-01-04 19:00:00,28.93530374456946,0.01455967917756538,790,Preventive,1222.7713560241991,0
2022-01-04 20:00:00,21.291145438365373,0.07866855226425153,621,Corrective,584.3955660978572,0
2022-01-04 21:00:00,25.165825697753306,0.06668693067034517,611,Corrective,783.2058917336444,1
2022-01-04 22:00:00,29.87023759136202,0.03381350721337358,793,Preventive,723.9779017283147,0
2022-01-04 23:00:00,29.916129363227398,0.011028877776023616,694,Corrective,1209.283744411115,0
2022-01-05 00:00:00,21.577746699733368,0.07658089941394632,626,Corrective,830.6766899711292,1
2022-01-05 01:00:00,24.147413555517133,0.03614785388130403,478,Corrective,761.0226588954861,0
2022-01-05 02:00:00,26.86495322941087,0.07363349747644804,688,Preventive,865.5392450516646,0
2022-01-05 03:00:00,23.566202389317095,0.09409708611364867,597,Corrective,1105.152541324367,0
2022-01-05 04:00:00,26.568617129363272,0.03641233581394992,712,Corrective,1313.3918092959484,0
2022-01-05 05:00:00,21.715304941926604,0.05988716184632424,758,Preventive,1301.97459290495,1
2022-01-05 06:00:00,24.84937290642084,0.027077280179378826,430,Corrective,1429.068733164982,0
2022-01-05 07:00:00,22.550607354064894,0.06101787775036029,551,Corrective,1012.3909394175654,0
2022-01-05 08:00:00,28.57542073376367,0.08470159225355871,524,Corrective,1005.3962869188039,1
2022-01-05 09:00:00,20.579409671793634,0.07869494270573325,473,Preventive,1062.6961415308642,1
2022-01-05 10:00:00,26.963834542660223,0.09540513954092888,701,Corrective,1334.9775693477593,0
2022-01-05 11:00:00,27.609481818724294,0.0592573980586843,585,Corrective,1054.438555156588,0
2022-01-05 12:00:00,21.317756604855504,0.06951887232485934,506,Corrective,540.4434792578095,0
2022-01-05 13:00:00,21.55576806127262,0.06023350652355631,486,Corrective,1436.7337809656506,0
2022-01-05 14:00:00,28.176159229732352,0.019736402993691362,463,Corrective,1349.186430634145,0
2022-01-05 15:00:00,28.95744900149422,0.049207124242879936,554,Corrective,1368.3301854971355,0
2022-01-05 16:00:00,29.819522897797295,0.02013200573754958,715,Corrective,631.0281231019749,1
2022-01-05 17:00:00,27.435382696674793,0.043154534554496415,547,Corrective,560.7066160294603,0
2022-01-05 18:00:00,27.720447795645534,0.07235823334181092,422,Preventive,1459.4425019461935,0
2022-01-05 19:00:00,22.45863937518342,0.04620111739610323,586,Preventive,1233.2602899925866,0
2022-01-05 20:00:00,28.42206104109887,0.0936733661219361,609,Preventive,1278.09808134667,0
2022-01-05 21:00:00,20.184256969715303,0.048740195142780066,643,Preventive,1318.9577435971164,0
2022-01-05 22:00:00,21.43299029518496,0.013120778394857526,720,Preventive,785.297073782627,1
2022-01-05 23:00:00,23.626718958957518,0.07368198625231756,643,Preventive,998.859148615883,0
2022-01-06 00:00:00,23.91405107832729,0.032909047248126676,410,Corrective,1116.1045458360136,0
2022-01-06 01:00:00,24.34687086064087,0.03183615020839513,595,Corrective,1367.9829321107145,1
2022-01-06 02:00:00,28.48281238753235,0.03885308072605153,553,Preventive,936.9166752233688,0
2022-01-06 03:00:00,27.108113585559412,0.019619649949380362,791,Corrective,832.5671160475273,1
2022-01-06 04:00:00,24.503853279314576,0.0709638352060448,798,Preventive,1400.877211550186,0
2022-01-06 05:00:00,27.360477761463674,0.08746561464485472,459,Preventive,1222.4354315116343,0
2022-01-06 06:00:00,21.11644341400166,0.04937650525804457,783,Preventive,782.8872303147859,0
2022-01-06 07:00:00,22.722881457701163,0.010296724959818678,573,Corrective,1434.373799514894,0
2022-01-06 08:00:00,27.175303100603433,0.08751364296121271,556,Preventive,921.3018663993361,1
2022-01-06 09:00:00,29.33448809024816,0.030855428040661576,663,Corrective,1325.177340867611,0
2022-01-06 10:00:00,25.810270676213136,0.04972664428342279,451,Preventive,898.9500709332706,0
2022-01-06 11:00:00,22.44422055541953,0.031824826930013,505,Corrective,1141.587737992988,0
2022-01-06 12:00:00,26.843516467349062,0.015114691658379122,640,Corrective,1333.027083837962,0
2022-01-06 13:00:00,29.143203585585496,0.05793029552637171,749,Preventive,560.7965403347538,0
2022-01-06 14:00:00,23.048851152067044,0.01684716917281499,663,Preventive,569.1368956024656,1
2022-01-06 15:00:00,24.75444930292977,0.01885470441171415,439,Corrective,516.8376685699344,1
2022-01-06 16:00:00,21.39005532993438,0.08799248109424933,563,Corrective,911.9866875364914,0
2022-01-06 17:00:00,28.420404605008784,0.018758846021928965,522,Corrective,1481.32075097433,0
2022-01-06 18:00:00,25.68076937245781,0.06020603910129823,486,Corrective,1425.535939355487,0
2022-01-06 19:00:00,20.31886717679034,0.013417948847751314,698,Corrective,1489.3986722331047,1
2022-01-06 20:00:00,21.92464732963868,0.0742013792007756,603,Preventive,719.5435539371805,0
2022-01-06 21:00:00,29.398082448548813,0.017249430596935397,697,Preventive,1039.899300288174,1
2022-01-06 22:00:00,26.501140340562003,0.03164755655445863,539,Preventive,1304.4960974235748,0
2022-01-06 23:00:00,20.30298185578239,0.0794284859597503,591,Preventive,1389.6103563705942,1
2022-01-07 00:00:00,28.93099868172021,0.05119520886002806,709,Corrective,1443.7889702390426,0
2022-01-07 01:00:00,20.135892950575542,0.01936645796141557,703,Corrective,533.1952101727601,1
2022-01-07 02:00:00,20.122106826662492,0.034711053033970894,668,Corrective,776.2628346048275,0
2022-01-07 03:00:00,20.041284567976593,0.03672944203482908,625,Preventive,1333.8108507759466,0
2022-01-07 04:00:00,20.423764747072862,0.04720800821293779,701,Preventive,1489.9020396273127,1
2022-01-07 05:00:00,23.862789107880822,0.0517079152092263,513,Corrective,604.6610544744036,0
2022-01-07 06:00:00,23.133784255710204,0.03241967940470684,401,Corrective,737.8607748215509,0
2022-01-07 07:00:00,23.32855048000991,0.08545234899102508,545,Corrective,1061.466154642921,0
2022-01-07 08:00:00,24.477352273872523,0.028409241333618968,786,Corrective,1158.0782739233755,0
2022-01-07 09:00:00,29.826545769798095,0.014166922869326753,407,Corrective,1145.3595271075233,1
2022-01-07 10:00:00,28.3456712245075,0.06586242848531507,559,Corrective,684.8388939728965,0
2022-01-07 11:00:00,28.11900183674132,0.06681864257174944,625,Corrective,1076.3899621251423,1
2022-01-07 12:00:00,26.984950070919353,0.01800619412996733,575,Preventive,1369.702660457915,0
2022-01-07 13:00:00,24.866432685686526,0.09157009267614695,572,Corrective,659.5220339767747,0
2022-01-07 14:00:00,25.626292698880864,0.06987687481187636,461,Corrective,847.5581116569317,0
2022-01-07 15:00:00,20.353001933347283,0.05426093911256609,728,Preventive,1474.368083368296,0
2022-01-07 16:00:00,22.37832065164901,0.04324632554533266,496,Corrective,1225.8429901243346,0
2022-01-07 17:00:00,21.294098892132713,0.06131960447198613,668,Preventive,897.0210033643948,0
2022-01-07 18:00:00,26.873893700525358,0.02060075654423188,451,Preventive,592.6783863782126,0
2022-01-07 19:00:00,22.15133061116863,0.07622404503371617,718,Preventive,534.9985069302946,0
2022-01-07 20:00:00,28.255339815952617,0.0889846278219165,405,Preventive,775.0053959729953,1
2022-01-07 21:00:00,22.368294129182047,0.018264769008513274,565,Preventive,1393.9887556565523,0
2022-01-07 22:00:00,29.18494823780473,0.06440023515226653,736,Preventive,911.2675002840517,0
2022-01-07 23:00:00,29.837021425298527,0.09068341592125716,509,Corrective,1176.3653784837898,0
2022-01-08 00:00:00,24.924741022005158,0.08136317147554352,580,Corrective,730.6820928430236,1
2022-01-08 01:00:00,28.766072913120418,0.09833816728001113,492,Corrective,990.3187643865485,0
2022-01-08 02:00:00,21.997387179767337,0.08869824027032877,650,Corrective,536.9459671163396,1
2022-01-08 03:00:00,20.865726085256835,0.029869962885354845,758,Preventive,565.6548031430312,1
2022-01-08 04:00:00,27.29068866207079,0.03676921160295312,625,Preventive,1037.0802601146456,1
2022-01-08 05:00:00,21.070154530014634,0.09112507047772257,605,Preventive,1330.8434543932776,1
2022-01-08 06:00:00,28.13309479558765,0.053477522197457744,554,Preventive,1005.1591081206567,1
2022-01-08 07:00:00,27.7275687543126,0.046168138903898724,564,Preventive,1302.7349041919178,0
2022-01-08 08:00:00,20.580661405814528,0.07373489830736807,641,Corrective,1195.9306722780375,1
2022-01-08 09:00:00,21.40638864068559,0.03865990138930459,531,Preventive,875.7073193959639,0
2022-01-08 10:00:00,26.36994002968814,0.05007432122649915,792,Preventive,730.5503529483457,0
2022-01-08 11:00:00,23.791565812460828,0.049817518199377304,671,Corrective,967.8485773169584,0
2022-01-08 12:00:00,22.840350156111313,0.02476617913816032,723,Preventive,1105.8150687347245,0
2022-01-08 13:00:00,23.62490683597564,0.015647502332918978,636,Corrective,1028.734183829626,1
2022-01-08 14:00:00,22.842751827925458,0.07117801821261856,573,Preventive,1382.3134359185383,0
2022-01-08 15:00:00,28.852568677946024,0.01575597731494905,737,Preventive,820.1534190015611,0
2022-01-08 16:00:00,29.392662970818115,0.031086054290504886,492,Preventive,726.4853613662159,1
2022-01-08 17:00:00,27.23294324338923,0.08220612617095266,539,Corrective,1281.0141713419305,1
2022-01-08 18:00:00,25.20528368063512,0.05914554429336953,633,Corrective,689.6193730557845,0
2022-01-08 19:00:00,27.363552471090443,0.043157040377636804,550,Preventive,1240.4660083693727,0
2022-01-08 20:00:00,28.661323378550538,0.04114541583506512,761,Corrective,588.5055510151277,0
2022-01-08 21:00:00,20.706326315552868,0.01732963468577306,615,Corrective,707.0491441879908,0
2022-01-08 22:00:00,21.240481346959676,0.01312655611860716,408,Preventive,985.0166760635484,0
2022-01-08 23:00:00,21.100307150902925,0.02847243443625068,619,Preventive,1175.8166576368849,1
2022-01-09 00:00:00,22.30771814290844,0.05348225300953845,549,Preventive,1218.6511143094428,0
2022-01-09 01:00:00,28.726674863907512,0.08655630121718083,574,Corrective,1077.7385445259952,0
2022-01-09 02:00:00,27.838909740292422,0.06572103044082371,650,Preventive,889.0739467565738,0
2022-01-09 03:00:00,22.678516945527598,0.03948164974424687,717,Corrective,1192.760726400467,0
2022-01-09 04:00:00,27.551776076189718,0.05354294487986033,408,Preventive,1360.2670767041811,1
2022-01-09 05:00:00,29.623748927675585,0.035452270140523545,450,Corrective,650.3806232185448,1
2022-01-09 06:00:00,27.310437961893506,0.010683104025593698,647,Preventive,578.9203492047454,0
2022-01-09 07:00:00,25.86215572584124,0.01902051328666478,462,Preventive,566.1846132308582,0
2022-01-09 08:00:00,26.806733084434804,0.012935135818711111,696,Preventive,1324.7063874869891,1
2022-01-09 09:00:00,21.24869651343104,0.012857514409119943,478,Corrective,629.054649827065,1
2022-01-09 10:00:00,29.678727674569984,0.07378198253968687,417,Corrective,556.675560844185,0
2022-01-09 11:00:00,20.846214545685655,0.06355710514403955,757,Corrective,1498.4060782755168,1
2022-01-09 12:00:00,23.050245753116755,0.015256220646271565,741,Preventive,1258.0087160038424,0
2022-01-09 13:00:00,25.901442511529297,0.0650123882642544,463,Corrective,873.3589536293536,0
2022-01-09 14:00:00,26.13002681149088,0.01438761515012656,604,Corrective,1086.921082346548,1
2022-01-09 15:00:00,22.074484329963635,0.060647289975805596,439,Corrective,907.7206387947888,1
2022-01-09 16:00:00,20.812343894318122,0.03395802061207773,548,Corrective,550.2026781254507,0
2022-01-09 17:00:00,26.519967456236422,0.08753572679271053,426,Corrective,1189.822510368812,1
2022-01-09 18:00:00,22.66895743865483,0.03163693048682436,506,Corrective,719.1705448501511,0
2022-01-09 19:00:00,27.371279609702857,0.08105536612684212,444,Preventive,570.4156429594611,1
2022-01-09 20:00:00,25.174948646196526,0.09243668560780982,658,Preventive,513.5335477482619,1
2022-01-09 21:00:00,22.034388595965083,0.05138780608990969,663,Corrective,514.3639972769399,0
2022-01-09 22:00:00,28.941418883866625,0.07444866642401368,598,Preventive,1107.7965638952421,1
2022-01-09 23:00:00,25.55049220697584,0.07803943510457866,403,Corrective,962.5864292307986,0
2022-01-10 00:00:00,29.007817202363157,0.04333319697542637,523,Preventive,1106.0418397228182,0
2022-01-10 01:00:00,26.078160471751424,0.07234847981901836,781,Preventive,722.0532220329404,0
2022-01-10 02:00:00,27.183481082263835,0.08729363966748603,464,Preventive,658.4920144343589,0
2022-01-10 03:00:00,22.55167576340695,0.05945993101643133,482,Preventive,1323.4867619607587,0
2022-01-10 04:00:00,27.050368126301127,0.01394817734757567,639,Corrective,720.8104200853613,0
2022-01-10 05:00:00,22.91662890418211,0.06731426861428731,764,Preventive,868.4612532789101,1
2022-01-10 06:00:00,24.7946942701882,0.09813447859572505,741,Corrective,858.9099831529625,0
2022-01-10 07:00:00,20.0525332345769,0.042356786230818864,530,Corrective,766.5614871491312,0
2022-01-10 08:00:00,23.58312890726667,0.026305147696715096,400,Preventive,560.5041347718713,1
2022-01-10 09:00:00,20.44494294474463,0.034997056708223194,623,Preventive,1385.1181148215903,0
2022-01-10 10:00:00,22.20797312506166,0.08468030425886788,732,Preventive,1307.7071990627778,0
2022-01-10 11:00:00,24.390399122383503,0.02572324330118491,786,Corrective,672.7974491689507,1
2022-01-10 12:00:00,21.405358627151998,0.011126800832506032,496,Corrective,684.8633855131161,0
2022-01-10 13:00:00,29.567430081451864,0.02921884860365382,750,Preventive,942.2450637292651,1
2022-01-10 14:00:00,22.698901205705024,0.036311598687765206,681,Preventive,885.4428211697909,0
2022-01-10 15:00:00,21.951463072195715,0.02746377394435337,570,Preventive,873.9643104885125,1
2022-01-10 16:00:00,29.087828287867477,0.017742851111766416,770,Corrective,1366.6441374903754,1
2022-01-10 17:00:00,27.07327938456647,0.06562044217494063,644,Preventive,757.0303326517444,0
2022-01-10 18:00:00,28.670738434351172,0.03914082330616287,552,Corrective,1447.5848968482,0
2022-01-10 19:00:00,22.055168458716135,0.04528968628228354,634,Preventive,1264.1660141289958,0
2022-01-10 20:00:00,22.373684366926206,0.06815254788897335,724,Corrective,1496.327314233971,0
2022-01-10 21:00:00,28.825217634984355,0.05711987054994887,635,Preventive,1144.2263339690558,0
2022-01-10 22:00:00,29.967793452074265,0.058653060631678446,435,Preventive,575.0714356543094,0
2022-01-10 23:00:00,29.607407952348517,0.03499066061122784,758,Corrective,955.8232695240374,1
2022-01-11 00:00:00,25.016280907924333,0.05963538603770503,767,Preventive,607.4984499447437,0
2022-01-11 01:00:00,23.863801399925716,0.03841907294158185,616,Corrective,826.2629570063742,0
2022-01-11 02:00:00,24.045700303368253,0.06621616788098873,797,Preventive,726.2239107472851,1
2022-01-11 03:00:00,27.568353115420496,0.09645660687511813,666,Preventive,1328.529785291551,0
2022-01-11 04:00:00,22.340855471927373,0.08005742135363661,634,Preventive,1417.9724262936634,0
2022-01-11 05:00:00,27.778764933399568,0.05586422826554292,749,Corrective,945.677265827645,1
2022-01-11 06:00:00,26.406046059299275,0.027145363193726908,512,Corrective,1254.3496865137613,0
2022-01-11 07:00:00,24.56193614606356,0.01572385924884282,761,Preventive,1231.305834113978,0
2022-01-11 08:00:00,21.012788458502534,0.09928046146209027,651,Corrective,836.8991120741462,1
2022-01-11 09:00:00,24.691281054193887,0.07640577343750746,573,Preventive,1049.0806671691917,0
2022-01-11 10:00:00,29.31926191869838,0.07701686063312366,467,Corrective,1391.4614335314118,1
2022-01-11 11:00:00,29.31179223987537,0.06953991246851186,659,Preventive,1219.7079149545698,0
2022-01-11 12:00:00,25.9214387844794,0.01753371611137676,709,Preventive,815.6960232155941,1
2022-01-11 13:00:00,28.39381010972942,0.07859560898027541,767,Preventive,1103.9507872843944,1
2022-01-11 14:00:00,23.079374478294547,0.09605861464818702,456,Corrective,986.2623339374297,1
2022-01-11 15:00:00,25.3975217020001,0.03018451832184934,544,Preventive,780.1539346084621,0
2022-01-11 16:00:00,25.97092285077481,0.048050174347368774,456,Corrective,1327.1055333015786,0
2022-01-11 17:00:00,20.247759738831782,0.027094220687769566,756,Corrective,605.2825034714298,1
2022-01-11 18:00:00,21.831640277581165,0.09069762148263859,736,Preventive,1273.710137754542,1
2022-01-11 19:00:00,21.072534113231143,0.059479434553068256,724,Corrective,762.4383703621938,1
2022-01-11 20:00:00,29.32404710927235,0.09814665947039398,662,Preventive,1136.7883612650194,0
2022-01-11 21:00:00,20.38780196064886,0.030254762621505414,614,Corrective,803.6587414195623,0
2022-01-11 22:00:00,29.776511316187907,0.07989330713869068,624,Corrective,1251.1956935480948,0
2022-01-11 23:00:00,22.397046682128682,0.027736690004509068,477,Preventive,1219.5506061487263,1
2022-01-12 00:00:00,21.20590590161918,0.038303961848887555,496,Preventive,1343.8302372962357,1
2022-01-12 01:00:00,24.400190962098016,0.03078937593424448,675,Corrective,1444.8842284084526,0
2022-01-12 02:00:00,27.821202495865915,0.02885590335857023,568,Corrective,1324.2672706048088,0
2022-01-12 03:00:00,24.350208259367164,0.07943722102389537,574,Corrective,542.8425201197159,1
2022-01-12 04:00:00,28.710523086890987,0.07315933190852508,716,Corrective,536.2778534492189,1
2022-01-12 05:00:00,22.746266657760096,0.03267614990489903,432,Corrective,1177.3075115825036,1
2022-01-12 06:00:00,24.73719862851665,0.047550988040100425,514,Corrective,635.9522994135216,1
2022-01-12 07:00:00,27.79403312554097,0.06469379117464134,562,Corrective,875.1109273664975,0
2022-01-12 08:00:00,28.497818487077968,0.016192228411684537,729,Preventive,1447.7807494495758,1
2022-01-12 09:00:00,24.585144543444212,0.03507419768645855,484,Preventive,1314.7721101555076,0
2022-01-12 10:00:00,26.566950512254238,0.09039788558892853,514,Preventive,1092.3442052621658,0
2022-01-12 11:00:00,27.714250944269658,0.09990919021804555,656,Preventive,849.6049015989431,0
2022-01-12 12:00:00,26.290909626495882,0.016749042872866857,404,Preventive,796.2164856775181,1
2022-01-12 13:00:00,22.04906655142394,0.028047035699682234,699,Corrective,1006.6584379877345,0
2022-01-12 14:00:00,28.472739199350464,0.03022235654282454,611,Corrective,1446.4283243851728,1
2022-01-12 15:00:00,28.382349609471312,0.0524271306929396,499,Preventive,689.2145160283058,0
2022-01-12 16:00:00,24.105866007045332,0.02463343800467621,653,Corrective,1375.663386281829,0
2022-01-12 17:00:00,26.627993636988254,0.09968771046308329,579,Corrective,1353.2351584135818,0
2022-01-12 18:00:00,24.27244664142976,0.02192752589972595,613,Preventive,1279.2709976841745,1
2022-01-12 19:00:00,25.790230468688655,0.056540665567289074,732,Corrective,1069.983283055763,1
2022-01-12 20:00:00,25.19411475678569,0.04020570257729975,541,Preventive,849.4783591939176,0
2022-01-12 21:00:00,21.34286624730135,0.06404245969090729,631,Preventive,641.594494530706,0
2022-01-12 22:00:00,29.410554241236383,0.027904410822858744,421,Corrective,1458.696273475733,1
2022-01-12 23:00:00,22.254780636728178,0.036491359682998395,708,Corrective,892.5399064497946,0
2022-01-13 00:00:00,28.831624935411334,0.06593880496896512,677,Preventive,1104.482212701821,0
2022-01-13 01:00:00,22.42864312750824,0.056979643107568714,464,Preventive,1015.9504571695626,0
2022-01-13 02:00:00,22.3826687309168,0.07937448128638158,744,Preventive,1271.9660911480248,0
2022-01-13 03:00:00,26.908727281613395,0.04977606026081953,734,Preventive,1131.226184475683,1
2022-01-13 04:00:00,28.711031906585177,0.04516185591048508,684,Corrective,1125.507178705807,0
2022-01-13 05:00:00,21.795107795907068,0.021932294868590108,743,Corrective,795.318138788096,0
2022-01-13 06:00:00,24.511721579710954,0.03736269195292346,632,Corrective,661.0883819610269,1
2022-01-13 07:00:00,21.864955345396304,0.09842584013650174,499,Corrective,1115.1211989779167,1
2022-01-13 08:00:00,29.834791816066385,0.016657385528533596,473,Corrective,1166.3641091670074,1
2022-01-13 09:00:00,24.896369762362564,0.029721022016192394,687,Preventive,1131.4298943989484,1
2022-01-13 10:00:00,28.28705747306922,0.01892104789618542,777,Preventive,801.7026469258394,0
2022-01-13 11:00:00,23.838953307927664,0.07562015737514677,672,Corrective,777.5091400011013,0
2022-01-13 12:00:00,20.53125704439537,0.0527902890353766,596,Corrective,1456.3610407134777,1
2022-01-13 13:00:00,22.911637367721077,0.03951378805743727,480,Preventive,651.7888242301764,0
2022-01-13 14:00:00,29.41779753628731,0.03486613637897405,778,Preventive,867.1315167282721,1
2022-01-13 15:00:00,20.138855586082013,0.07358187168694405,687,Preventive,854.2615509432268,0
2022-01-13 16:00:00,26.695737944604467,0.05922074661767544,583,Corrective,1299.463816095154,1
2022-01-13 17:00:00,29.76708026073878,0.07424916471550773,509,Preventive,1193.4104323128104,0
2022-01-13 18:00:00,23.9058622317891,0.053188157476937024,584,Corrective,1334.5771483568212,0
2022-01-13 19:00:00,23.14019112144344,0.014584187544307209,530,Preventive,528.0149448797498,0
2022-01-13 20:00:00,22.474433400468513,0.02543014184989261,754,Corrective,507.3294210461341,0
2022-01-13 21:00:00,23.94621332891979,0.06108167460241904,610,Corrective,1345.8288803376354,1
2022-01-13 22:00:00,21.563451860333334,0.05459089347795124,514,Corrective,1220.0672075024872,0
2022-01-13 23:00:00,23.205295548163747,0.010225891862002566,691,Corrective,549.0473803214848,1
2022-01-14 00:00:00,25.068037073961843,0.0461776139594024,794,Preventive,867.1525700621023,1
2022-01-14 01:00:00,24.747872621195803,0.05907623978459415,747,Corrective,824.5060300987506,0
2022-01-14 02:00:00,26.01987140530418,0.030030377228916952,519,Preventive,613.2806844637856,1
2022-01-14 03:00:00,28.206113642862753,0.03036491867851073,613,Corrective,764.5867671721522,1
2022-01-14 04:00:00,23.086874205021118,0.08419709041477307,630,Preventive,1291.2133611761478,0
2022-01-14 05:00:00,29.606632605497808,0.07451720668630964,660,Preventive,979.9314081019158,0
2022-01-14 06:00:00,21.66573015034924,0.011217942841550093,685,Corrective,1376.8073494239807,0
2022-01-14 07:00:00,29.140353443052483,0.06568876927618553,503,Corrective,575.6799083771638,0
2022-01-14 08:00:00,24.963266437733747,0.09843352415694831,797,Preventive,1411.3382288529592,1
2022-01-14 09:00:00,23.7198457676745,0.02830608986925652,693,Corrective,637.1009560560055,0
2022-01-14 10:00:00,23.705351230758627,0.07425226120832291,583,Corrective,836.1081503674682,0
2022-01-14 11:00:00,23.063503408877196,0.017614852650802554,775,Preventive,1338.6193528237013,1
2022-01-14 12:00:00,24.22263205169609,0.013247773891649373,577,Preventive,1477.1204431720535,0
2022-01-14 13:00:00,20.028597228170522,0.05594447249358956,628,Preventive,1437.3367861698139,0
2022-01-14 14:00:00,20.15738426296591,0.010793620176514133,459,Corrective,1256.8886156912197,0
2022-01-14 15:00:00,22.579576201021453,0.06448333749423914,703,Preventive,560.6282158404986,1
2022-01-14 16:00:00,25.187867882127396,0.049223312132304575,666,Preventive,1202.6435101004708,0
2022-01-14 17:00:00,21.943118276759694,0.03935567674841561,754,Preventive,1192.989593005917,0
2022-01-14 18:00:00,24.853530731493947,0.08152885212316635,531,Preventive,982.8711733413577,1
2022-01-14 19:00:00,25.800636798501166,0.08337420366966987,778,Preventive,868.87025973412,0
2022-01-14 20:00:00,25.93539649566845,0.04259698587792426,515,Preventive,581.3511196560138,0
2022-01-14 21:00:00,27.818523710669957,0.05405254646515036,516,Corrective,1403.1720645217977,1
2022-01-14 22:00:00,26.132598583687155,0.06156087459205586,424,Preventive,1467.9701955834585,0
2022-01-14 23:00:00,26.49464721028754,0.08498250334199599,462,Preventive,601.3045454320169,1
2022-01-15 00:00:00,25.815011751052932,0.035785890055514705,600,Preventive,1447.9610000865746,0
2022-01-15 01:00:00,23.64884249336137,0.029634176041121132,704,Preventive,1471.1009813072985,0
2022-01-15 02:00:00,21.994034149589314,0.08044070738113789,529,Preventive,571.3237808749441,1
2022-01-15 03:00:00,26.430731579879293,0.025334528072716855,735,Corrective,1382.0184086268746,1
2022-01-15 04:00:00,22.231986815293716,0.015581895952219097,513,Corrective,1401.6425908794695,0
2022-01-15 05:00:00,25.794192953806522,0.09915698075594766,588,Preventive,1094.6245116187465,1
2022-01-15 06:00:00,28.491681513249606,0.05937013703822624,595,Preventive,1368.2239746578725,0
2022-01-15 07:00:00,25.590567778062496,0.031785227694854805,433,Corrective,1079.898179757094,1
2022-01-15 08:00:00,21.641349817967335,0.09451050940693076,468,Corrective,1229.941774857296,0
2022-01-15 09:00:00,25.665958018471294,0.06887696829635444,799,Corrective,1178.4070862925262,0
2022-01-15 10:00:00,28.606865145791534,0.08196526469541836,774,Preventive,644.0393543195717,0
2022-01-15 11:00:00,21.917520210057706,0.0982070873629855,608,Corrective,1267.2674183696554,0
2022-01-15 12:00:00,26.07946624526982,0.0945390044323558,612,Corrective,1451.2082247020764,1
2022-01-15 13:00:00,20.003004822330865,0.02076296933461182,445,Preventive,1448.9334171747619,1
2022-01-15 14:00:00,25.99644854758037,0.03875748943176904,512,Corrective,648.4339123982144,1
2022-01-15 15:00:00,29.066722654745323,0.061952328380886434,471,Preventive,1249.8343138955724,1
2022-01-15 16:00:00,21.261664923495513,0.053025926276633606,671,Preventive,875.4035796080522,0
2022-01-15 17:00:00,22.534106622805613,0.06490120271495999,400,Corrective,1232.2006023014687,1
2022-01-15 18:00:00,29.164076040760918,0.0731334284027096,703,Preventive,935.5634756631914,0
2022-01-15 19:00:00,22.03408197931584,0.0396889586701443,774,Corrective,1042.8031225513669,0
2022-01-15 20:00:00,27.320736399666426,0.09797155609337607,706,Corrective,1346.1976613471975,0
2022-01-15 21:00:00,25.683945013977812,0.09488272940284961,478,Preventive,592.8617730072241,1
2022-01-15 22:00:00,22.307276684541936,0.010495601029551974,767,Preventive,1275.9576575722858,1
2022-01-15 23:00:00,27.938839212240893,0.053102891730783496,637,Preventive,594.3530672119767,0
2022-01-16 00:00:00,24.73443497966931,0.0715543706295415,506,Preventive,1215.2545480193098,0
2022-01-16 01:00:00,28.38348015255128,0.06277531774585646,558,Corrective,1337.8159711728476,0
2022-01-16 02:00:00,24.85755192610647,0.09813887227794629,761,Corrective,1476.9554614333883,1
2022-01-16 03:00:00,27.853055020747373,0.07968206406512321,611,Corrective,783.6879529118279,1
2022-01-16 04:00:00,24.011328441119467,0.034569929901991876,761,Preventive,763.2205784812347,0
2022-01-16 05:00:00,28.48204598331666,0.05195791493273779,447,Preventive,766.3835448969171,0
2022-01-16 06:00:00,27.94376157406188,0.04041353637315157,785,Preventive,1378.6114121051874,1
2022-01-16 07:00:00,24.70393509932051,0.06259056778635548,522,Preventive,1272.8739611296992,0
2022-01-16 08:00:00,21.38306642508132,0.06444167524591497,491,Preventive,1087.9810774079074,0
2022-01-16 09:00:00,20.154398266843177,0.02156300083945227,462,Preventive,722.683737599922,1
2022-01-16 10:00:00,25.608858777071177,0.0570980770164324,639,Preventive,889.8929456070593,0
2022-01-16 11:00:00,21.771614502126877,0.03592933735680855,799,Preventive,1041.5894020557498,0
2022-01-16 12:00:00,27.044040681265695,0.06234578999100148,735,Preventive,1170.1625543633645,0
2022-01-16 13:00:00,20.97775582215331,0.04149264723032183,658,Preventive,966.1952183185572,0
2022-01-16 14:00:00,22.143262722015617,0.044865657587127045,779,Preventive,1096.7761720931703,0
2022-01-16 15:00:00,20.776882365270648,0.013720814122703012,766,Preventive,877.3476508323852,1
2022-01-16 16:00:00,26.298968348041114,0.05801091086901017,633,Corrective,888.6470311567768,1
2022-01-16 17:00:00,25.06834757079334,0.01622138839813912,699,Corrective,512.1631556057027,1
2022-01-16 18:00:00,28.804620017635493,0.015215571172189048,473,Corrective,513.1146851213255,0
2022-01-16 19:00:00,29.712860082615137,0.03834201393413542,502,Corrective,769.9679776691859,1
2022-01-16 20:00:00,21.778341925381227,0.058794795874561795,718,Preventive,952.1045073107595,0
2022-01-16 21:00:00,25.93644228623671,0.033170272006981805,631,Corrective,765.3234418914228,0
2022-01-16 22:00:00,28.849029635338052,0.05001764008271509,433,Preventive,1105.7553501771224,1
2022-01-16 23:00:00,29.698629174778052,0.042113202557101125,764,Corrective,1007.8470635641755,1
2022-01-17 00:00:00,28.67364503753128,0.04537426508514141,728,Corrective,1218.369400414268,1
2022-01-17 01:00:00,22.922586800776678,0.05323600953760888,510,Preventive,542.772980522438,0
2022-01-17 02:00:00,28.942658646465624,0.04335955648556184,751,Corrective,923.3523063272133,0
2022-01-17 03:00:00,23.302812009351822,0.09299801467388563,731,Corrective,655.1231115570579,0
2022-01-17 04:00:00,26.424149581009345,0.06748867704928162,642,Preventive,1479.2593188515407,0
2022-01-17 05:00:00,27.00620480573552,0.03653339020983431,674,Preventive,772.7010316588298,0
2022-01-17 06:00:00,20.619023041500324,0.02250944023648735,752,Corrective,933.6931042657799,0
2022-01-17 07:00:00,21.380355915297294,0.04647376416540191,408,Corrective,561.7699515988731,0
2022-01-17 08:00:00,23.4423862951393,0.09010286236196613,604,Corrective,554.1073400338086,0
2022-01-17 09:00:00,21.984168910452457,0.02111897516856003,511,Preventive,1451.2739378408917,0
2022-01-17 10:00:00,20.307000645837537,0.02651256798879461,631,Preventive,1186.6824294911094,0
2022-01-17 11:00:00,29.033796569089795,0.014354487616250725,737,Preventive,1048.7740007672833,1
2022-01-17 12:00:00,22.74208424871714,0.07530135593662227,519,Corrective,511.8361775768162,0
2022-01-17 13:00:00,25.110210625290375,0.046798153730266905,684,Preventive,551.4240410584024,1
2022-01-17 14:00:00,23.50879680400391,0.07011424384655933,573,Corrective,1224.9184850849842,0
2022-01-17 15:00:00,29.058443310889324,0.06175651091162488,569,Preventive,503.9826074064898,0
2022-01-17 16:00:00,29.31526619904902,0.04871137758524163,433,Corrective,1159.0359887191794,0
2022-01-17 17:00:00,22.876858651576754,0.04894336872848332,788,Preventive,721.9997847092869,1
2022-01-17 18:00:00,27.414423543862345,0.08806568524861107,688,Preventive,858.9302280800932,1
2022-01-17 19:00:00,24.062206036800227,0.06768568994516735,634,Preventive,788.1744734260677,1
2022-01-17 20:00:00,22.557090044121622,0.01574519401912822,599,Preventive,1413.3908303776993,1
2022-01-17 21:00:00,26.40460181335576,0.013439536387074374,473,Corrective,852.1503168045448,0
2022-01-17 22:00:00,20.372739247060476,0.07900718838425497,610,Preventive,885.4412056271397,0
2022-01-17 23:00:00,25.473945412299315,0.09285682312525957,551,Corrective,793.4880394954221,0
2022-01-18 00:00:00,29.650248941651995,0.050673821081558164,588,Corrective,642.5897045444469,1
2022-01-18 01:00:00,26.874838609580888,0.09137037151791141,671,Preventive,1221.4035267264203,1
2022-01-18 02:00:00,22.764072633288635,0.05782230376567343,466,Corrective,573.2506340169597,1
2022-01-18 03:00:00,29.906692306763055,0.026280720017995647,473,Corrective,745.2121801248361,0
2022-01-18 04:00:00,28.09775187614569,0.0169839548431385,756,Preventive,1455.4483443374008,0
2022-01-18 05:00:00,20.056250037121995,0.040265065806813445,609,Corrective,1357.832977272869,1
2022-01-18 06:00:00,27.514209327286174,0.04862381909506644,643,Preventive,977.0289110301798,0
2022-01-18 07:00:00,27.70487729530778,0.0808943240003632,625,Corrective,664.9670967552134,1
2022-01-18 08:00:00,24.04907631251853,0.027806676335483664,685,Corrective,1349.173773828229,0
2022-01-18 09:00:00,27.781298308142055,0.06018495881290252,427,Corrective,761.399941979884,1
2022-01-18 10:00:00,28.169347786156948,0.011700453812923756,537,Corrective,516.4066691377728,0
2022-01-18 11:00:00,21.346395803995694,0.08823777246364836,492,Corrective,561.3802115389851,0
2022-01-18 12:00:00,20.639539249374774,0.033514851975835404,411,Preventive,1017.2508107916356,0
2022-01-18 13:00:00,28.362206409319477,0.08784999820857746,717,Preventive,1450.683441588652,0
2022-01-18 14:00:00,21.160362071008308,0.06211093893843262,652,Preventive,746.5903710667178,0
2022-01-18 15:00:00,27.081303386638382,0.04366862280256684,627,Corrective,1361.3239807695654,0
2022-01-18 16:00:00,24.552777547181638,0.023889570410015326,717,Corrective,985.4700216496881,1
2022-01-18 17:00:00,29.37167966297922,0.06952903946440882,787,Preventive,892.1522852298231,1
2022-01-18 18:00:00,24.82036943900703,0.02401026106125362,683,Corrective,877.3272395560182,0
2022-01-18 19:00:00,24.816570739897788,0.04671913718659661,471,Preventive,1364.9624090366538,0
2022-01-18 20:00:00,26.8235714696739,0.0339791269216725,572,Preventive,1162.7863011819363,1
2022-01-18 21:00:00,23.811314781909264,0.06640629665017857,729,Preventive,736.1719608813496,1
2022-01-18 22:00:00,26.36268243351953,0.07453386353716136,798,Preventive,703.2781300385286,0
2022-01-18 23:00:00,28.706117127113124,0.07897754296276631,453,Preventive,1256.2656470589654,1
2022-01-19 00:00:00,23.738584026965757,0.09261197892155144,595,Preventive,1317.9519573435691,1
2022-01-19 01:00:00,20.385525228059134,0.010331210603758273,784,Corrective,844.1965750242508,1
2022-01-19 02:00:00,22.507708970035267,0.07289257079128286,428,Corrective,605.5265697459613,1
2022-01-19 03:00:00,28.70001531720022,0.05418102102116563,482,Corrective,1374.433562600194,1
2022-01-19 04:00:00,26.412087161983916,0.08068154241399007,759,Preventive,605.8938262999327,1
2022-01-19 05:00:00,26.2112779663326,0.03299113619953085,498,Preventive,977.4340476507114,0
2022-01-19 06:00:00,23.40253275850856,0.06805248509506617,494,Preventive,600.5303073122939,0
2022-01-19 07:00:00,27.9771618317457,0.016942184177985018,532,Preventive,571.1097201887612,1
2022-01-19 08:00:00,22.97156866034865,0.03193415608316016,642,Preventive,502.2482206779669,0
2022-01-19 09:00:00,20.459244175718155,0.09209659455464433,675,Corrective,763.9434411544746,0
2022-01-19 10:00:00,29.74716561285571,0.06303827466431125,751,Corrective,741.6815258543639,0
2022-01-19 11:00:00,21.900644618028483,0.011880726633471549,659,Corrective,930.4825653814262,1
2022-01-19 12:00:00,22.086855087172417,0.0745840615820738,668,Preventive,1157.4814162933346,1
2022-01-19 13:00:00,25.60512769520347,0.03148635256868763,573,Corrective,551.6492809435914,0
2022-01-19 14:00:00,23.39804058118506,0.07796006474574167,600,Corrective,532.0089781381658,0
2022-01-19 15:00:00,27.256905381163946,0.067641654472266,712,Corrective,521.5030290616317,1
2022-01-19 16:00:00,26.61141751056322,0.07724400631379359,788,Preventive,664.8770002207367,0
2022-01-19 17:00:00,29.69019548886142,0.08985089457970298,771,Preventive,1173.2883168287117,0
2022-01-19 18:00:00,28.471190899730157,0.028955067736491882,627,Corrective,642.8597857343043,1
2022-01-19 19:00:00,24.38051312599289,0.06334339334721976,429,Preventive,1454.734155992558,1
2022-01-19 20:00:00,28.646212553805455,0.027638665080403628,439,Corrective,827.139908092025,0
2022-01-19 21:00:00,26.487929773201984,0.03471982118145064,427,Corrective,610.195368195466,0
2022-01-19 22:00:00,26.93744045717374,0.07664592481344101,593,Corrective,611.336081383117,1
2022-01-19 23:00:00,29.679474559715064,0.09763131637651538,571,Preventive,781.0197826642607,0
2022-01-20 00:00:00,22.434025997818924,0.0529521291890622,759,Corrective,1055.5407200976124,0
2022-01-20 01:00:00,27.870005431727254,0.043590463181298195,603,Corrective,1083.6122986728262,1
2022-01-20 02:00:00,26.4279135789966,0.05611002342104348,563,Preventive,844.7263606361946,1
2022-01-20 03:00:00,26.660887992362554,0.09778437110523452,459,Corrective,915.1286197300865,0
2022-01-20 04:00:00,24.044210566554455,0.035153178618317314,617,Preventive,739.0595164818591,0
2022-01-20 05:00:00,21.252325197768663,0.05033362307435204,473,Preventive,857.8012638539888,0
2022-01-20 06:00:00,28.37216006531832,0.02160320088646344,774,Preventive,1497.812259379652,0
2022-01-20 07:00:00,21.656306698316968,0.08080729001211452,783,Preventive,1177.2827549487233,1
2022-01-20 08:00:00,26.202657886890243,0.040077827775643934,662,Preventive,573.3241875636076,1
2022-01-20 09:00:00,25.242136939252774,0.05763137251766801,411,Corrective,557.06907352274,0
2022-01-20 10:00:00,23.580178883939436,0.07248449251816026,412,Preventive,1090.6117534670339,0
2022-01-20 11:00:00,21.127805304094785,0.08091518891537505,697,Corrective,1262.3548934722876,1
2022-01-20 12:00:00,26.66121736099875,0.027462245877687003,456,Corrective,985.3143403660542,0
2022-01-20 13:00:00,26.724333762033613,0.09639348287043545,517,Preventive,1350.6291105229384,1
2022-01-20 14:00:00,27.707843100914992,0.02358016774566316,615,Corrective,871.658071600272,1
2022-01-20 15:00:00,22.50914384952654,0.02907552793078983,794,Corrective,1220.0279834220642,1
2022-01-20 16:00:00,28.79969357588042,0.011033487163318688,585,Corrective,1461.4977738081202,1
2022-01-20 17:00:00,22.85637859320127,0.07802525121176841,448,Preventive,579.1465899044643,0
2022-01-20 18:00:00,26.97387193772135,0.06089183608308538,561,Preventive,1392.7642630810942,1
2022-01-20 19:00:00,25.745064605630148,0.08593643924059532,619,Corrective,1064.265500449886,1
2022-01-20 20:00:00,23.90468432637695,0.024626905887871225,652,Corrective,1349.6897859629944,1
2022-01-20 21:00:00,22.857156850679466,0.058999592262056734,775,Corrective,561.882129195677,1
2022-01-20 22:00:00,21.954589492913204,0.06331964021334217,713,Corrective,521.5607052368804,0
2022-01-20 23:00:00,26.66477549093976,0.0630529755603972,668,Corrective,715.6841357924511,0
2022-01-21 00:00:00,28.209682309863418,0.08355761413842754,752,Corrective,573.1087320318666,0
2022-01-21 01:00:00,23.12969566786319,0.054772472447445784,555,Corrective,604.843271398264,0
2022-01-21 02:00:00,22.819129540060736,0.05556369197119755,675,Corrective,1267.9829907409128,0
2022-01-21 03:00:00,21.833934626413797,0.02265133141928876,761,Preventive,1182.9222310511086,1
2022-01-21 04:00:00,28.46573230420596,0.027884104150887525,706,Preventive,1249.1190487321546,1
2022-01-21 05:00:00,29.730523995670247,0.08030036992956867,623,Preventive,503.1103405251036,1
2022-01-21 06:00:00,22.109218243532144,0.09713851840285566,636,Corrective,834.5239168957071,0
2022-01-21 07:00:00,24.992243681349485,0.049776376725106444,484,Corrective,1216.550282923033,0
2022-01-21 08:00:00,24.479755492851965,0.09311602727025822,556,Corrective,926.3387780735048,0
2022-01-21 09:00:00,26.00227101590196,0.07156095121278121,624,Preventive,715.9881585984594,1
2022-01-21 10:00:00,24.87798446021251,0.015141382907510147,707,Preventive,743.9792983884743,0
2022-01-21 11:00:00,23.070228499336203,0.05534404728487487,768,Corrective,1016.4374962218802,0
2022-01-21 12:00:00,28.462740453125296,0.056132107567810396,699,Corrective,1467.3836312279059,0
2022-01-21 13:00:00,22.920907658889597,0.04253257141221495,638,Corrective,1250.0931855647436,1
2022-01-21 14:00:00,23.226395270243366,0.08019241613827506,713,Preventive,1029.391889829219,0
2022-01-21 15:00:00,26.2413064126698,0.04808003590923761,531,Preventive,1189.213328287471,0
2022-01-21 16:00:00,23.01486286777696,0.08672619441386972,510,Corrective,892.3589407195243,1
2022-01-21 17:00:00,22.906042885841416,0.06675277925972854,728,Preventive,751.7180150103078,0
2022-01-21 18:00:00,24.930375177192825,0.06425481320247749,740,Preventive,1020.4888415235272,0
2022-01-21 19:00:00,26.455425315756678,0.015398318878007302,636,Preventive,512.3158948551227,0
2022-01-21 20:00:00,25.134681783862398,0.08663117350270416,695,Preventive,1392.6846708994804,0
2022-01-21 21:00:00,27.692522950992426,0.04871042926425046,587,Corrective,985.0906034628605,0
2022-01-21 22:00:00,22.00694113123128,0.07600479040705371,794,Corrective,1213.9399024455092,0
2022-01-21 23:00:00,25.081362217442617,0.06799944097432582,521,Corrective,996.8363359534965,0
2022-01-22 00:00:00,28.825001639840586,0.05824881089974401,639,Preventive,529.7421346225191,0
2022-01-22 01:00:00,24.911727342759622,0.08247950497250638,419,Corrective,753.7374292601953,1
2022-01-22 02:00:00,29.541227305606256,0.023126463133161045,657,Preventive,1476.4557472468332,0
2022-01-22 03:00:00,26.436514862833917,0.043255277127278766,583,Preventive,1471.578982808984,0
2022-01-22 04:00:00,20.585988001780557,0.06085572666690993,473,Preventive,710.4805210670343,0
2022-01-22 05:00:00,22.374070811210892,0.011564640161628241,460,Corrective,1111.0236468639746,0
2022-01-22 06:00:00,26.07294845711715,0.06790279220290471,744,Corrective,1044.073931986432,1
2022-01-22 07:00:00,25.153597444844063,0.053559926817621735,493,Preventive,1315.6003394398138,1
2022-01-22 08:00:00,27.58773448009517,0.01920199985625161,714,Preventive,676.7143318581423,0
2022-01-22 09:00:00,22.349611780470834,0.028022570774452464,656,Corrective,1310.862496875528,1
2022-01-22 10:00:00,27.771437499400726,0.0825653371503738,601,Corrective,641.6292900423434,1
2022-01-22 11:00:00,27.706168427008873,0.08967081507100932,586,Preventive,504.7552321999752,0
2022-01-22 12:00:00,24.358481663971347,0.07737830417625677,514,Preventive,809.0061305502024,0
2022-01-22 13:00:00,27.03954723101276,0.0736098025450106,489,Corrective,523.9336540974989,1
2022-01-22 14:00:00,29.577244694951816,0.047566899527045584,704,Corrective,1465.91074963373,1
2022-01-22 15:00:00,27.946375870867023,0.09176108512144708,745,Preventive,664.6684069730107,0
2022-01-22 16:00:00,21.092204180866066,0.09022291388424297,469,Corrective,774.2056921413924,0
2022-01-22 17:00:00,28.194116782188658,0.09218269191534115,486,Preventive,943.7612998520574,1
2022-01-22 18:00:00,26.355308938638995,0.04481338939252274,592,Corrective,1028.8578158714104,1
2022-01-22 19:00:00,20.6877967645041,0.010938731204434692,700,Preventive,691.3667252563647,0
2022-01-22 20:00:00,23.811764684296527,0.055750708399482776,675,Corrective,1132.3614516099851,1
2022-01-22 21:00:00,29.921908931812915,0.015471630221379044,563,Preventive,613.3649672789259,0
2022-01-22 22:00:00,28.527221762738943,0.03503785915619964,469,Corrective,1321.6966003977498,1
2022-01-22 23:00:00,20.349694011251824,0.07127466549519479,711,Corrective,1075.7702493786292,0
2022-01-23 00:00:00,22.291947931705785,0.09553092902392697,474,Corrective,1307.103020080557,1
2022-01-23 01:00:00,26.380091288901745,0.0861632028390845,405,Preventive,696.3565017779335,0
2022-01-23 02:00:00,20.332914089177233,0.025260480969541955,695,Corrective,617.8659519853782,0
2022-01-23 03:00:00,24.43465596268608,0.0780364074592246,723,Preventive,1236.5092587343324,1
2022-01-23 04:00:00,26.14054688027185,0.014382617393162555,449,Preventive,1320.6166802463604,0
2022-01-23 05:00:00,26.049292778513717,0.036913976539959294,637,Corrective,992.6187017048802,1
2022-01-23 06:00:00,28.845983157047474,0.07625048335397112,405,Preventive,1065.9987857911,0
2022-01-23 07:00:00,25.187565119910737,0.09567510969131386,623,Preventive,584.3337793134401,0
2022-01-23 08:00:00,24.595869121311374,0.09317252241103234,457,Corrective,617.8126574154408,0
2022-01-23 09:00:00,23.17342479918148,0.04238884897982516,704,Preventive,972.1705175074535,0
2022-01-23 10:00:00,24.53673117254646,0.04814874671964944,418,Preventive,1081.511199204961,0
2022-01-23 11:00:00,21.942795849181387,0.07951710206167333,701,Preventive,523.1539883313384,1
2022-01-23 12:00:00,21.359672770747633,0.08993693319315682,745,Preventive,608.2435834668611,0
2022-01-23 13:00:00,20.079218428260766,0.05940107245588936,460,Preventive,921.0687445834299,0
2022-01-23 14:00:00,22.90848054525918,0.07208065139765693,773,Corrective,927.597823525209,0
2022-01-23 15:00:00,28.171792662661755,0.02109344382200579,717,Corrective,715.7925476285398,0
2022-01-23 16:00:00,20.28357492411058,0.02630703668689644,736,Corrective,1178.724267711516,0
2022-01-23 17:00:00,26.95459635030089,0.01297113041613816,511,Preventive,1470.4105306066338,0
2022-01-23 18:00:00,29.297292850189343,0.046151896729752444,407,Corrective,678.7832062611124,1
2022-01-23 19:00:00,28.28385363671971,0.08221427292901352,577,Preventive,673.5181896823244,0
2022-01-23 20:00:00,26.896760468575565,0.04410273773915604,424,Corrective,577.9191721572347,0
2022-01-23 21:00:00,25.004061928319377,0.047473685954831465,710,Corrective,734.9447265584581,0
2022-01-23 22:00:00,25.655060981307017,0.04062800473517714,418,Preventive,609.2391917711296,1
2022-01-23 23:00:00,25.120046968859555,0.054079572124409704,738,Preventive,1469.9239256651786,1
2022-01-24 00:00:00,22.87081135160554,0.026748652879161172,480,Preventive,541.3342489034438,0
2022-01-24 01:00:00,24.91044947659023,0.03200389768453257,708,Preventive,1331.8871556274316,0
2022-01-24 02:00:00,23.042674258735122,0.07475562575269183,537,Corrective,1436.470699349952,1
2022-01-24 03:00:00,29.2023966710211,0.09093460155866552,752,Preventive,830.8423393628389,1
2022-01-24 04:00:00,23.701132534793686,0.04526283769827397,474,Preventive,892.3979411731013,1
2022-01-24 05:00:00,22.89346862115694,0.043011054454168765,706,Preventive,1443.7290148535403,0
2022-01-24 06:00:00,25.596495519904526,0.09237404737677227,612,Preventive,1247.2163052763208,1
2022-01-24 07:00:00,24.485370611544646,0.09301791590473898,498,Corrective,575.5301840998841,0
2022-01-24 08:00:00,25.827264812049986,0.08445785528400211,692,Preventive,1194.245752393022,0
2022-01-24 09:00:00,24.317454997180725,0.07910662382572034,469,Preventive,680.9224803802371,1
2022-01-24 10:00:00,26.4066736465904,0.06458316394997636,595,Corrective,1153.601525072013,0
2022-01-24 11:00:00,20.372814207186956,0.08467438569891136,797,Corrective,599.7327997165214,0
2022-01-24 12:00:00,28.57937152947629,0.07356728497008531,676,Corrective,1286.0521675472612,0
2022-01-24 13:00:00,26.171188866116346,0.06164673758582522,707,Preventive,823.4137422094984,1
2022-01-24 14:00:00,25.23200360272402,0.015114284425183396,485,Preventive,1380.2408115985977,0
2022-01-24 15:00:00,22.635203088420354,0.01383334365967381,441,Corrective,1340.7648881248947,0
2022-01-24 16:00:00,25.328790292223157,0.06721496501887515,626,Preventive,1224.6644456566119,0
2022-01-24 17:00:00,23.355130527964782,0.03159943322366546,423,Corrective,1432.685436680304,0
2022-01-24 18:00:00,23.073471457584255,0.01809213928828753,661,Corrective,905.3453822356576,0
2022-01-24 19:00:00,20.985901525832503,0.026131471015022972,411,Preventive,711.3041959258921,1
2022-01-24 20:00:00,23.773165596884255,0.012862927544149432,536,Preventive,1374.3600634037157,1
2022-01-24 21:00:00,25.8367287565519,0.04929877884409141,661,Corrective,1115.2987566029951,0
2022-01-24 22:00:00,29.674106150793918,0.01548880622156733,777,Preventive,741.2833912070811,0
2022-01-24 23:00:00,24.382350150053753,0.09566105684949182,588,Corrective,638.6246031731862,0
2022-01-25 00:00:00,26.841041985442427,0.08231132084479707,471,Preventive,859.6605027303966,1
2022-01-25 01:00:00,25.190145970051134,0.045983476879686264,589,Corrective,631.5012583345474,1
2022-01-25 02:00:00,21.739582071776788,0.07375536294313542,513,Preventive,867.1422861931338,1
2022-01-25 03:00:00,21.176939692319486,0.09624239318648621,725,Corrective,1101.5189484282992,0
2022-01-25 04:00:00,21.299828448258644,0.016943305339297967,594,Preventive,999.7983710811816,0
2022-01-25 05:00:00,20.81831081283122,0.016335172431839302,765,Preventive,905.0293143674434,1
2022-01-25 06:00:00,21.871236382009783,0.06345759732287641,578,Corrective,930.3479521919088,0
2022-01-25 07:00:00,26.523141641866797,0.03511752034520006,475,Corrective,1465.3688438255672,0
2022-01-25 08:00:00,23.181394993084794,0.06851647031966375,697,Corrective,1222.163569641803,0
2022-01-25 09:00:00,20.62029856218598,0.06255693530991507,661,Preventive,1258.9001466573018,0
2022-01-25 10:00:00,27.077172152607645,0.01424453195906952,748,Corrective,957.4453088179082,0
2022-01-25 11:00:00,27.523803709821046,0.05235095774374583,789,Preventive,1462.0699949243985,1
2022-01-25 12:00:00,28.754167764950164,0.05822058203173141,711,Corrective,1392.109314122027,0
2022-01-25 13:00:00,27.670830564602916,0.030354479440796868,526,Preventive,737.5161531311956,1
2022-01-25 14:00:00,28.55586648068165,0.09964949085148644,531,Preventive,1162.982464267272,0
2022-01-25 15:00:00,28.003182560374512,0.09022081373455343,688,Corrective,957.6179150727487,0
2022-01-25 16:00:00,26.830231941647867,0.05715553414841177,696,Corrective,873.3034470683289,0
2022-01-25 17:00:00,25.318762270954313,0.020175933736667408,509,Preventive,932.4042035173931,0
2022-01-25 18:00:00,27.03210984932062,0.09390502953292251,729,Preventive,1323.7844970895017,0
2022-01-25 19:00:00,27.27608765204074,0.03758165651087487,565,Preventive,509.71171311747366,0
2022-01-25 20:00:00,27.82623858836932,0.012578602984551893,722,Preventive,1032.7625644605646,0
2022-01-25 21:00:00,27.496364378389963,0.02378119773972845,688,Corrective,794.1402660555486,1
2022-01-25 22:00:00,25.95202600321218,0.026450468934717725,542,Preventive,1162.9144603238951,0
2022-01-25 23:00:00,22.351293864051286,0.02094700926463805,697,Preventive,696.9083901403851,1
2022-01-26 00:00:00,26.651829955933394,0.024907391532995815,785,Preventive,910.7126743020996,0
2022-01-26 01:00:00,24.240375404229404,0.018193801218780392,635,Preventive,1035.6386689137132,1
2022-01-26 02:00:00,28.806846571664884,0.05697491854048733,466,Corrective,1294.8550609007834,1
2022-01-26 03:00:00,27.962208749664477,0.08576481403753884,603,Corrective,1123.3917365945622,0
2022-01-26 04:00:00,24.00225472808051,0.04080103324268203,601,Corrective,955.3936486249881,1
2022-01-26 05:00:00,26.934043722425823,0.07672223872101858,632,Preventive,991.7056821801832,0
2022-01-26 06:00:00,25.878596466822636,0.0808964270106334,676,Preventive,1426.8634310292905,1
2022-01-26 07:00:00,22.151080867392018,0.08739362044303327,476,Corrective,748.4867389187474,0
2022-01-26 08:00:00,28.303267871607027,0.026073426663762916,575,Corrective,1225.6896611516563,1
2022-01-26 09:00:00,27.714293498978755,0.04390557764921831,526,Corrective,715.9895097785443,0
2022-01-26 10:00:00,28.671475385987616,0.06655331111804388,671,Preventive,1200.0563747433991,0
2022-01-26 11:00:00,21.960436259124137,0.02193790164578678,425,Preventive,757.789986011503,0
2022-01-26 12:00:00,22.33628001243068,0.06369743043954705,732,Preventive,1187.0107744654165,1
2022-01-26 13:00:00,23.986828471501674,0.0890914950395924,701,Preventive,1177.9465974427098,1
2022-01-26 14:00:00,29.38342614216722,0.02793558288325087,699,Preventive,659.151718319044,0
2022-01-26 15:00:00,29.8933712077189,0.015488406471097442,511,Preventive,581.6568347998098,1
2022-01-26 16:00:00,25.6983765159285,0.05979373913387285,527,Corrective,858.6676726132632,0
2022-01-26 17:00:00,29.317185760349204,0.08304164196515208,534,Preventive,1457.723714380037,1
2022-01-26 18:00:00,23.10080375876008,0.07307007426012273,509,Preventive,1197.2807309801376,0
2022-01-26 19:00:00,29.769138810755752,0.0139810888675025,681,Corrective,1250.6234525880661,1
2022-01-26 20:00:00,23.62825352935892,0.07717449513656854,494,Preventive,1317.7413263127987,1
2022-01-26 21:00:00,23.74510459148566,0.07013028300373624,642,Corrective,739.0487342368832,0
2022-01-26 22:00:00,26.077757626294385,0.058871779741564656,572,Corrective,802.0069331069425,0
2022-01-26 23:00:00,21.67667840914991,0.035734392217662454,714,Corrective,1140.8252430159896,0
2022-01-27 00:00:00,28.613834050276758,0.0907613918199869,590,Corrective,1132.3460710543643,1
2022-01-27 01:00:00,29.216207547768914,0.06000172049755742,793,Preventive,1400.6719335669236,1
2022-01-27 02:00:00,26.191954561476948,0.020437332840065887,586,Corrective,564.4335074861048,0
2022-01-27 03:00:00,21.236293380637907,0.07448158663246655,440,Corrective,1204.6710189920186,0
2022-01-27 04:00:00,24.43814811572705,0.045639999950395166,684,Preventive,1318.0711974120977,0
2022-01-27 05:00:00,21.987770347068775,0.04358700067455667,414,Corrective,1091.4465074587538,1
2022-01-27 06:00:00,21.410756264846697,0.03329048982480989,432,Corrective,997.9440675088761,0
2022-01-27 07:00:00,26.710861414183164,0.09662480147047443,750,Preventive,682.5399305224291,0
2022-01-27 08:00:00,22.488792441842442,0.058197368580418116,533,Corrective,610.1792802380795,0
2022-01-27 09:00:00,23.69998372656981,0.05165732192146659,734,Preventive,709.702300178729,0
2022-01-27 10:00:00,23.46712854167827,0.011361543944400166,772,Corrective,1426.5207371743268,1
2022-01-27 11:00:00,28.24913192234299,0.06177613281795478,622,Corrective,746.7987571743034,1
2022-01-27 12:00:00,28.41648699352834,0.07350232210522398,512,Corrective,920.386383493221,1
2022-01-27 13:00:00,20.94594240158,0.014410978948384291,703,Corrective,817.3612209908931,1
2022-01-27 14:00:00,22.734039304242327,0.019453932125676296,436,Corrective,1223.8505716545146,0
2022-01-27 15:00:00,25.038734817339826,0.09193737112998504,536,Preventive,1247.9665088164827,1
2022-01-27 16:00:00,27.948174603758975,0.019705732708265693,619,Preventive,572.3041721407424,0
2022-01-27 17:00:00,20.198236713871733,0.057845608641206823,744,Corrective,581.3158524647832,0
2022-01-27 18:00:00,25.394204265908026,0.024911543531568298,794,Preventive,820.6378749545106,1
2022-01-27 19:00:00,20.454243555777083,0.08115849024005638,558,Preventive,658.6372008047224,0
2022-01-27 20:00:00,25.47765169223169,0.054477931165802435,416,Preventive,949.1110590034513,1
2022-01-27 21:00:00,29.38083339793127,0.0975433323729003,407,Preventive,743.2353517907912,1
2022-01-27 22:00:00,21.280163957398013,0.0686927349569449,591,Preventive,880.5871593629047,0
2022-01-27 23:00:00,21.246570003117913,0.09125491065064385,750,Corrective,1017.5587645181386,0
2022-01-28 00:00:00,24.93537872486702,0.010312907328844134,578,Corrective,1492.7792323329634,1
2022-01-28 01:00:00,22.718385852867392,0.09157231098767948,468,Preventive,1042.8479727966933,0
2022-01-28 02:00:00,20.1346064271372,0.04854988452862056,710,Preventive,1029.8674957297767,0
2022-01-28 03:00:00,21.279875063580526,0.0338906056068516,513,Corrective,1444.2642040717978,1
2022-01-28 04:00:00,27.919986749289546,0.09859700458574172,775,Corrective,791.6839092022744,0
2022-01-28 05:00:00,29.391186519981108,0.09534658797863153,552,Corrective,621.270182600955,0
2022-01-28 06:00:00,29.806978175296653,0.05957696540905625,545,Corrective,1306.3905633584877,0
2022-01-28 07:00:00,24.802403347336455,0.09312417041796585,638,Corrective,1068.4876756648307,0
2022-01-28 08:00:00,21.669245810689407,0.03090271183283516,521,Preventive,1328.4132386380147,0
2022-01-28 09:00:00,26.80169967850874,0.08740847846064824,741,Preventive,1015.1949316019707,0
2022-01-28 10:00:00,29.490436766686265,0.03263271636101142,704,Preventive,1020.9288388195948,0
2022-01-28 11:00:00,24.490430099557216,0.08068401196142527,682,Preventive,1235.5021078843963,0
2022-01-28 12:00:00,22.32586940996886,0.053506721860775236,641,Corrective,1438.5502016771084,0
2022-01-28 13:00:00,27.220265418019423,0.08906617209838882,569,Preventive,921.9349796133517,0
2022-01-28 14:00:00,21.42008356879228,0.01478666997304916,671,Preventive,572.0110270324765,0
2022-01-28 15:00:00,21.00191185365482,0.013912533869340424,733,Preventive,741.4549389095499,0
2022-01-28 16:00:00,26.31222319855624,0.0743140686500497,428,Corrective,593.2295506194016,1
2022-01-28 17:00:00,20.941737119406856,0.02575114623627519,444,Preventive,1447.3860306324266,1
2022-01-28 18:00:00,21.371595536862152,0.016877334665411962,413,Corrective,1284.9017069523397,1
2022-01-28 19:00:00,29.505754201392804,0.06683609966103249,568,Preventive,536.5323215446938,0
2022-01-28 20:00:00,26.387252873419662,0.058775609635209156,483,Corrective,1360.8884129727667,1
2022-01-28 21:00:00,29.996498787040117,0.04169090062423534,652,Preventive,1481.6797463244593,0
2022-01-28 22:00:00,27.78056510849345,0.06383782129770482,483,Corrective,728.8173103018726,1
2022-01-28 23:00:00,20.16974953804198,0.09408133313249557,625,Preventive,806.8225865094291,1
2022-01-29 00:00:00,22.079781316192133,0.04369446888885609,633,Preventive,1225.8922988368784,1
2022-01-29 01:00:00,21.27220772053836,0.02878791446189801,752,Preventive,770.6702174283281,0
2022-01-29 02:00:00,25.722512148113047,0.02935488730483897,455,Corrective,602.3257066156259,1
2022-01-29 03:00:00,29.09307746960399,0.07399580627457868,535,Corrective,782.1901645428043,1
2022-01-29 04:00:00,28.031151814245742,0.0341688183761565,680,Corrective,1108.444542506911,1
2022-01-29 05:00:00,27.87809517429102,0.0287381608085739,657,Preventive,665.4029021432723,0
2022-01-29 06:00:00,26.8571961443512,0.09199638611488889,576,Corrective,625.9527851574042,0
2022-01-29 07:00:00,22.304103778988914,0.028618933087213916,707,Preventive,753.9059725154701,0
2022-01-29 08:00:00,29.477147799579434,0.08932572989526573,731,Corrective,1336.0342331005982,1
2022-01-29 09:00:00,20.48302281681213,0.08706927634948369,436,Preventive,896.2326907578176,1
2022-01-29 10:00:00,22.386057573960258,0.03796217645314389,410,Corrective,1288.1676925691845,0
2022-01-29 11:00:00,24.924570255163495,0.07705110413545242,450,Preventive,1297.5155007117228,1
2022-01-29 12:00:00,28.433460131727742,0.09846594901400356,630,Corrective,1159.3021069965616,1
2022-01-29 13:00:00,28.442192494803358,0.09680615260809268,766,Preventive,1079.0169626887823,1
2022-01-29 14:00:00,21.281997039898094,0.07983431400716207,544,Corrective,1008.598760526376,1
2022-01-29 15:00:00,27.585933989589556,0.012973904504537911,701,Preventive,1047.79774651568,0
2022-01-29 16:00:00,22.90884320202416,0.05790097784419489,490,Preventive,740.7987473967794,1
2022-01-29 17:00:00,27.643341872939214,0.028191115776489833,442,Preventive,1151.7157668907316,0
2022-01-29 18:00:00,28.36775218001464,0.03945479210850857,414,Preventive,1419.0745108809,1
2022-01-29 19:00:00,23.76914847658523,0.0696948475639908,534,Preventive,950.7621348872475,1
2022-01-29 20:00:00,26.977319782273234,0.08401497434763855,753,Corrective,979.0498155493598,0
2022-01-29 21:00:00,29.199661944212295,0.07793826486846882,688,Corrective,537.4170596766892,1
2022-01-29 22:00:00,24.686776725666313,0.04574687018458848,699,Preventive,945.7115685633469,0
2022-01-29 23:00:00,27.31610128237135,0.015135063181696523,534,Preventive,658.1762618305127,0
2022-01-30 00:00:00,20.102470405395138,0.014148032363681451,690,Corrective,1155.9521607436327,0
2022-01-30 01:00:00,20.439381313503826,0.07371088063152668,668,Corrective,954.1755222916352,0
2022-01-30 02:00:00,25.246689967353433,0.025367429412767407,476,Preventive,1130.8967462839005,0
2022-01-30 03:00:00,22.908815249594344,0.09919035749103486,685,Corrective,1058.826344249249,0
2022-01-30 04:00:00,21.96270236096467,0.07334151446997585,572,Preventive,1044.0175672053215,0
2022-01-30 05:00:00,21.461628596063797,0.041856478666563356,607,Preventive,867.7527192659538,0
2022-01-30 06:00:00,22.64042838730743,0.04833225761667298,512,Preventive,1266.5917154153058,0
2022-01-30 07:00:00,22.93770214782842,0.0380736563436822,521,Preventive,1010.472622722481,1
2022-01-30 08:00:00,27.28609074576266,0.08279740808883872,572,Preventive,1184.9828612014417,0
2022-01-30 09:00:00,21.298087113847906,0.048891244464123615,623,Corrective,1098.666583256786,0
2022-01-30 10:00:00,26.287927742441823,0.073841511721796,477,Preventive,731.2068812428721,0
2022-01-30 11:00:00,21.928991963488823,0.03762276807313505,479,Preventive,1241.7051882989122,1
2022-01-30 12:00:00,26.248893174890444,0.02666640451783859,760,Corrective,1315.2888819872867,0
2022-01-30 13:00:00,20.55569813316689,0.09254603459693453,630,Corrective,1400.355024347191,1
2022-01-30 14:00:00,24.193956556537305,0.016999044865965623,531,Corrective,579.6969318486108,1
2022-01-30 15:00:00,27.55910885757368,0.0865295527010065,684,Preventive,602.2566431816772,1
2022-01-30 16:00:00,22.327275870402374,0.01812551770341258,697,Preventive,1030.5146196668493,1
2022-01-30 17:00:00,29.13403087153226,0.025039157850548856,760,Preventive,703.6769621969067,0
2022-01-30 18:00:00,22.278706667044478,0.08916529969802203,642,Corrective,1485.9952539716385,0
2022-01-30 19:00:00,29.68988110780626,0.01318006044315584,682,Corrective,573.638154934437,1
2022-01-30 20:00:00,23.14723756488628,0.023702550191881465,621,Corrective,1044.724196935098,0
2022-01-30 21:00:00,26.2197218783676,0.0375348845327663,573,Corrective,952.9991257707359,1
2022-01-30 22:00:00,21.467454308877503,0.06550953021801288,640,Corrective,1303.197175490739,1
2022-01-30 23:00:00,27.825943647079505,0.03826808916203337,476,Preventive,725.4717238141841,0
2022-01-31 00:00:00,21.762646530395113,0.05487522237813487,530,Corrective,1006.4521419489837,0
2022-01-31 01:00:00,20.317002064525152,0.02364602629629622,467,Corrective,942.4544760997559,0
2022-01-31 02:00:00,23.55524188322833,0.09538475360532928,634,Preventive,920.6030501589905,0
2022-01-31 03:00:00,22.89874576960537,0.04996119750593136,747,Preventive,1326.0744144628034,0
2022-01-31 04:00:00,29.213173807005415,0.07466001620993978,619,Preventive,1471.377775266165,1
2022-01-31 05:00:00,22.2233723243412,0.029700925534503472,517,Preventive,1279.324772609029,0
2022-01-31 06:00:00,26.330528087199454,0.09396415652713412,582,Corrective,766.2118871235521,0
2022-01-31 07:00:00,20.572990320126056,0.07461510331357636,537,Corrective,1063.5623836400089,0
2022-01-31 08:00:00,28.950982415656693,0.07011361647529094,729,Preventive,1393.4591588468634,0
2022-01-31 09:00:00,26.33728868775404,0.03978100002861696,489,Corrective,767.2687455070125,1
2022-01-31 10:00:00,24.627684850321813,0.0750437019536083,669,Preventive,1418.4400464781456,0
2022-01-31 11:00:00,20.90788104534203,0.09301783528875746,579,Corrective,1108.412300010502,1
2022-01-31 12:00:00,29.821533348159726,0.04496121457333784,795,Preventive,1139.353947474843,0
2022-01-31 13:00:00,27.516318919626816,0.057284369192578025,644,Preventive,971.0989392449479,0
2022-01-31 14:00:00,29.263977611806432,0.06560391963246043,787,Preventive,751.1817751414836,1
2022-01-31 15:00:00,25.772193772944185,0.05703075236745995,617,Corrective,1223.8721121031772,0
2022-01-31 16:00:00,24.4456220698868,0.06342161255681761,679,Corrective,911.1388076811329,0
2022-01-31 17:00:00,21.18430536466651,0.031343043906361195,606,Preventive,556.0354030878664,0
2022-01-31 18:00:00,20.033921197532106,0.05468342257007662,786,Preventive,1417.4845175409314,1
2022-01-31 19:00:00,24.29897270685296,0.07785506799638024,786,Corrective,753.4890040209863,0
2022-01-31 20:00:00,24.456215234976458,0.010393500118453776,705,Preventive,530.3019138856222,1
2022-01-31 21:00:00,22.254006325494675,0.02185228432965599,681,Preventive,1249.4987924552763,0
2022-01-31 22:00:00,23.159194865379924,0.023855933386543446,435,Preventive,1320.828139885013,1
2022-01-31 23:00:00,22.5675779503216,0.09882217842629773,681,Corrective,874.3330054190737,0
2022-02-01 00:00:00,22.54535600160031,0.03288589264213044,620,Corrective,626.9726595837233,1
2022-02-01 01:00:00,29.217263391735155,0.09447941917172074,695,Preventive,585.3417023595907,0
2022-02-01 02:00:00,27.53661646737683,0.09478897731671719,635,Corrective,558.2579152667181,0
2022-02-01 03:00:00,23.550119319368047,0.03797433889518201,713,Preventive,1389.7444243649702,1
2022-02-01 04:00:00,24.79101562803009,0.07753736730889275,673,Preventive,1377.0028879621025,0
2022-02-01 05:00:00,29.02730511283235,0.05024953673812944,450,Corrective,1476.3971052572633,1
2022-02-01 06:00:00,27.635586190387574,0.03426175798783407,609,Preventive,874.9727392887494,0
2022-02-01 07:00:00,21.87588255753041,0.0870207358451657,732,Preventive,1049.4115151359679,1
2022-02-01 08:00:00,23.37458072286443,0.03211033015000344,681,Preventive,911.8016089120513,0
2022-02-01 09:00:00,20.587980987443917,0.07037796289316083,753,Corrective,620.5138006734923,0
2022-02-01 10:00:00,23.08155154509658,0.02470983896094508,655,Preventive,577.1116573392491,1
2022-02-01 11:00:00,29.202742441929942,0.04548380235980975,743,Corrective,966.5145546224003,1
2022-02-01 12:00:00,20.13257447476215,0.07282216406828251,538,Corrective,550.0968340620743,0
2022-02-01 13:00:00,28.89065437969107,0.09241577070980256,692,Corrective,1060.281828299062,0
2022-02-01 14:00:00,27.17600161465581,0.045600244370296056,587,Preventive,944.7847846077639,0
2022-02-01 15:00:00,20.146405108510745,0.013772178655888605,696,Preventive,1437.6759724941894,1
2022-02-01 16:00:00,25.074581155511993,0.028145393610052978,565,Corrective,1351.7423693205299,1
2022-02-01 17:00:00,23.58958375673908,0.013595256605768775,726,Corrective,1462.236687393418,1
2022-02-01 18:00:00,25.92446503166616,0.049712099471649805,573,Corrective,1116.0061046057724,0
2022-02-01 19:00:00,28.304520863186887,0.02365030914612129,474,Preventive,818.0374991622017,1
2022-02-01 20:00:00,28.666450539922593,0.04823788740902515,439,Preventive,584.8821430578921,1
2022-02-01 21:00:00,28.79816762477116,0.0383973323158942,779,Preventive,868.814402763002,0
2022-02-01 22:00:00,29.327517933727982,0.024470017737890308,504,Preventive,1265.4216475130997,1
2022-02-01 23:00:00,29.160945158511282,0.014414778194280605,642,Corrective,853.0326018769814,1
2022-02-02 00:00:00,27.20679854209908,0.027733574660125354,741,Preventive,592.6161921304699,0
2022-02-02 01:00:00,24.115460130932025,0.05104211600281762,783,Corrective,1139.353908293996,1
2022-02-02 02:00:00,26.439902035247435,0.0523657354453856,423,Corrective,1357.5767970872696,1
2022-02-02 03:00:00,23.847907864918074,0.011771088404287831,691,Corrective,708.7392353226692,0
2022-02-02 04:00:00,22.175571325783206,0.07544770194998641,461,Corrective,1246.2961748320963,0
2022-02-02 05:00:00,24.180323642384344,0.09679205453017126,401,Corrective,1422.7260822809235,0
2022-02-02 06:00:00,29.2336573415565,0.025970009733944692,699,Corrective,803.7599886500947,1
2022-02-02 07:00:00,21.86211492320296,0.018938562371353745,512,Preventive,1297.6358364130178,0
2022-02-02 08:00:00,20.13423647782471,0.069493669465563,674,Corrective,596.9820206341101,0
2022-02-02 09:00:00,22.815469207268947,0.04792974752177531,621,Corrective,551.8374322160226,1
2022-02-02 10:00:00,28.097198904724006,0.037721266228239236,741,Preventive,824.9974854837803,1
2022-02-02 11:00:00,27.436556633719498,0.024330042248553452,618,Corrective,1064.6804150963235,0
2022-02-02 12:00:00,28.788995504900708,0.010381583716650364,502,Corrective,759.493344910254,1
2022-02-02 13:00:00,27.2723805111454,0.04899138871109922,492,Preventive,1194.5596363321658,1
2022-02-02 14:00:00,26.235327728636527,0.09428695161968205,426,Preventive,1366.0684001613504,0
2022-02-02 15:00:00,28.314398086169092,0.09725541128012809,751,Corrective,572.2887698921477,1
2022-02-02 16:00:00,26.221289566879435,0.06119108590818815,649,Corrective,609.6734683894055,0
2022-02-02 17:00:00,28.060396190739496,0.04776147567681272,720,Corrective,1062.7581846466069,1
2022-02-02 18:00:00,23.026844973337607,0.04565787372999575,636,Corrective,1095.8664762526423,1
2022-02-02 19:00:00,28.58312314233369,0.05945314394971193,627,Preventive,1195.7048288438764,0
2022-02-02 20:00:00,21.673115196690084,0.04203998132147947,622,Corrective,1398.843354317173,0
2022-02-02 21:00:00,23.363558845106375,0.09591270295746994,495,Preventive,1361.1681096629184,0
2022-02-02 22:00:00,22.515316182073644,0.09284007615098733,727,Preventive,1359.778615775597,0
2022-02-02 23:00:00,28.198965297579484,0.030527907238670986,754,Preventive,1313.7551878745428,0
2022-02-03 00:00:00,21.912681330580142,0.04200975599208758,567,Corrective,1492.2888544133948,1
2022-02-03 01:00:00,21.334202821515333,0.06055666387279516,706,Corrective,1086.3908787163982,0
2022-02-03 02:00:00,23.797980276515116,0.04106300424766271,542,Corrective,841.1530924761842,0
2022-02-03 03:00:00,24.900123765802086,0.03530557532356735,676,Corrective,1071.2248787118724,1
2022-02-03 04:00:00,26.16117445213224,0.09602926017897435,507,Corrective,1278.2359426429475,1
2022-02-03 05:00:00,21.828317097820403,0.0243905082989479,505,Preventive,1152.9291102727782,0
2022-02-03 06:00:00,25.8989865403551,0.07644099770697642,444,Preventive,575.9545591413421,1
2022-02-03 07:00:00,23.692672059112525,0.08799547753132554,688,Corrective,1106.9863688355822,1
2022-02-03 08:00:00,26.908363003317866,0.06298637314260894,466,Preventive,590.3400526214197,1
2022-02-03 09:00:00,29.633087827572147,0.010254413191659713,548,Corrective,919.7257872507023,0
2022-02-03 10:00:00,21.63924010361174,0.03899704530587577,735,Corrective,970.5329543895364,1
2022-02-03 11:00:00,27.87286431532979,0.03235628613407791,474,Preventive,980.4585484080083,0
2022-02-03 12:00:00,20.062766626905628,0.07440801407381965,690,Corrective,792.2709793259146,0
2022-02-03 13:00:00,20.11035925966384,0.016734419534472175,639,Preventive,814.7964830083877,1
2022-02-03 14:00:00,21.51004635494268,0.05607288402836345,453,Preventive,590.3854276710935,1
2022-02-03 15:00:00,21.469519987522297,0.07589705343040419,499,Preventive,1135.125779166443,0
2022-02-03 16:00:00,29.80724304826906,0.09496648168367573,437,Corrective,1311.2493965182734,0
2022-02-03 17:00:00,21.24246369143384,0.07252093293641639,486,Preventive,789.0193639084202,0
2022-02-03 18:00:00,26.790951821322874,0.07668598077314802,705,Corrective,1135.7145408389579,0
2022-02-03 19:00:00,28.923964585077467,0.05360612969317923,442,Preventive,865.9823996963249,0
2022-02-03 20:00:00,27.397672749159412,0.037390818109240706,425,Corrective,1242.4175128200627,1
2022-02-03 21:00:00,20.10890909522524,0.08991048833796571,721,Preventive,975.5656707367033,0
2022-02-03 22:00:00,26.57467677709964,0.010423779641438532,664,Corrective,964.7265094194976,0
2022-02-03 23:00:00,26.13687592627814,0.06067073357370478,796,Corrective,716.728264191092,1
2022-02-04 00:00:00,24.347439135955085,0.0489119031419135,411,Corrective,898.7600158596208,1
2022-02-04 01:00:00,28.48700705900511,0.05935187459207335,408,Corrective,1092.5697564756902,0
2022-02-04 02:00:00,25.333639316338004,0.07160406992046518,499,Preventive,1360.987934984857,1
2022-02-04 03:00:00,29.67014539220958,0.08686630361580047,762,Preventive,717.2942682329184,1
2022-02-04 04:00:00,24.07179272413751,0.01243149969330783,445,Corrective,1187.85778454806,1
2022-02-04 05:00:00,25.22438123681647,0.02927036104120937,502,Preventive,1345.9676229039665,0
2022-02-04 06:00:00,20.673582755676893,0.024880198295230527,669,Preventive,1123.539045274289,1
2022-02-04 07:00:00,29.12326430496139,0.041429814865099904,647,Corrective,1157.2468499802947,1
2022-02-04 08:00:00,29.182013378973746,0.019293537125354275,652,Corrective,1453.2215067288403,1
2022-02-04 09:00:00,29.388849921242716,0.04373242897251574,717,Corrective,989.0357306103185,0
2022-02-04 10:00:00,25.490865080468417,0.02775322750998622,648,Corrective,1214.6759741949058,0
2022-02-04 11:00:00,24.681106050264713,0.07636818129738061,661,Preventive,1265.4787615810824,0
2022-02-04 12:00:00,28.69635817437807,0.05489619116987524,574,Corrective,1176.0725632709532,1
2022-02-04 13:00:00,29.809946801858267,0.05670968043145945,405,Corrective,735.1476948350651,0
2022-02-04 14:00:00,27.491782709821656,0.0340557726427152,508,Corrective,719.3745325338837,0
2022-02-04 15:00:00,25.770106605516357,0.028303596393068287,712,Preventive,1218.727866431916,0
2022-02-04 16:00:00,20.25730697226475,0.08133267229544372,519,Preventive,1413.5400371654698,1
2022-02-04 17:00:00,29.96612204499,0.025894671708672636,574,Corrective,821.905845254439,0
2022-02-04 18:00:00,29.429686133491813,0.07029804604215825,715,Preventive,848.9065040082307,1
2022-02-04 19:00:00,28.358333441720262,0.09041591038523168,587,Corrective,1017.8750835298682,1
2022-02-04 20:00:00,23.379821692424528,0.016115548446347612,410,Preventive,1077.8184795162463,0
2022-02-04 21:00:00,27.930204735387772,0.09858827983734336,538,Preventive,733.9737882024167,0
2022-02-04 22:00:00,26.955254885973183,0.09192607722418361,545,Corrective,1038.4781397316938,0
2022-02-04 23:00:00,20.924554391576475,0.09204431846250619,423,Preventive,1346.6265704825828,0
2022-02-05 00:00:00,21.307362543128033,0.0465205051658458,607,Preventive,943.414414432491,0
2022-02-05 01:00:00,25.24007044115405,0.016121980033576337,769,Corrective,696.7659077999966,0
2022-02-05 02:00:00,25.702106149287342,0.07412687991672579,717,Preventive,1279.8584329273058,0
2022-02-05 03:00:00,22.891897310197656,0.06183489855113726,690,Corrective,1246.3040933980096,0
2022-02-05 04:00:00,29.56845991336219,0.07725918221918941,620,Preventive,1453.2643728863973,1
2022-02-05 05:00:00,21.42282373342097,0.03202713012149655,619,Preventive,1125.0055964667931,0
2022-02-05 06:00:00,23.113931936398153,0.016646901775305364,608,Corrective,1379.1210893292873,1
2022-02-05 07:00:00,26.144858430855617,0.057536983909142934,796,Corrective,1286.2543842808893,0
2022-02-05 08:00:00,20.86518340143387,0.06986318818258745,414,Preventive,901.352483569701,1
2022-02-05 09:00:00,20.19483350451444,0.04988177692103957,634,Preventive,669.3175854659405,0
2022-02-05 10:00:00,29.999898060044075,0.09192510529733222,492,Corrective,633.2386975405984,0
2022-02-05 11:00:00,25.438995748592987,0.08534639013792132,790,Preventive,692.8500315800586,1
2022-02-05 12:00:00,26.479874905562365,0.015785853527614198,796,Preventive,1377.5262094856394,0
2022-02-05 13:00:00,24.982089232794117,0.010839200673055894,611,Preventive,748.0385390997991,0
2022-02-05 14:00:00,25.590529760622807,0.02491054194411944,737,Preventive,1085.9924634470722,1
2022-02-05 15:00:00,20.534688466816803,0.07611845144393196,564,Preventive,683.4637815198312,1
2022-02-05 16:00:00,27.89637248237339,0.07208350684043101,500,Preventive,1496.4505020865909,0
2022-02-05 17:00:00,25.292068933311704,0.09724289325973791,452,Preventive,923.8387238323573,1
2022-02-05 18:00:00,22.739721363104245,0.0709666490947997,425,Preventive,887.8885655225721,1
2022-02-05 19:00:00,20.20302773025446,0.013974160525103606,708,Corrective,658.2324175879749,0
2022-02-05 20:00:00,21.841394114594117,0.0704765981422693,792,Corrective,1187.7821778361651,0
2022-02-05 21:00:00,23.301480791694324,0.09881829657645468,632,Preventive,829.6312610106484,1
2022-02-05 22:00:00,29.889070378343888,0.02080501658529651,660,Corrective,1266.3479585673736,1
2022-02-05 23:00:00,28.99783681760552,0.050967443808062535,495,Corrective,636.3972061380914,1
2022-02-06 00:00:00,25.653246584426693,0.07047292685813449,511,Corrective,537.7231096930569,0
2022-02-06 01:00:00,27.076454506549137,0.02813017164940257,569,Preventive,567.9633204475103,0
2022-02-06 02:00:00,23.633887360894356,0.02516383927900443,442,Corrective,1484.8040472936827,0
2022-02-06 03:00:00,22.01530459301047,0.042371420496058056,694,Corrective,1223.6742002874876,0
2022-02-06 04:00:00,27.496183566095993,0.03556345569102726,413,Corrective,957.2056088371487,0
2022-02-06 05:00:00,22.64441047009125,0.06779599340401514,615,Corrective,989.3391624642469,1
2022-02-06 06:00:00,26.742259418398227,0.011885290189682663,600,Corrective,517.9536405126389,0
2022-02-06 07:00:00,22.779066721719797,0.06107744102970445,440,Corrective,1036.3128050734385,1
2022-02-06 08:00:00,26.227927778095612,0.08285864151109285,439,Corrective,726.2312476973524,1
2022-02-06 09:00:00,27.91685120737716,0.08689185935871058,539,Preventive,1335.8712609092254,0
2022-02-06 10:00:00,24.25197551491359,0.06311028501079523,788,Preventive,591.4675004749993,0
2022-02-06 11:00:00,20.97576313776958,0.03910102812026683,767,Corrective,943.2753572621906,0
2022-02-06 12:00:00,24.2534802334409,0.023568038244480165,602,Corrective,689.0848926814567,0
2022-02-06 13:00:00,27.14601942481604,0.023068338340302655,431,Corrective,1215.2610041819485,1
2022-02-06 14:00:00,27.604593963908357,0.052798216632108,781,Preventive,1232.0906692366198,0
2022-02-06 15:00:00,25.47861287122224,0.0651480295099317,490,Corrective,1272.8264302202012,0
2022-02-06 16:00:00,28.065517314272988,0.0438655829889206,661,Corrective,1170.4186497775568,1
2022-02-06 17:00:00,28.976235506641398,0.09862537611441442,787,Preventive,1429.92983855515,1
2022-02-06 18:00:00,28.37475405322677,0.09706838768853893,725,Corrective,655.481230831464,1
2022-02-06 19:00:00,23.14805160668263,0.0432379939460537,659,Corrective,1389.847305804688,1
2022-02-06 20:00:00,25.383387868462876,0.017128880851602853,569,Corrective,1386.3893286906728,1
2022-02-06 21:00:00,25.86930400397968,0.061988982810203784,439,Preventive,1346.3173535852693,0
2022-02-06 22:00:00,29.304551079388524,0.05880858344118397,574,Preventive,1087.9296024430237,1
2022-02-06 23:00:00,27.423349333615793,0.09660458294968696,536,Preventive,653.9875078391838,1
2022-02-07 00:00:00,27.437351466248614,0.06267050411638551,539,Corrective,1296.2401078401158,0
2022-02-07 01:00:00,22.036015726071785,0.04008070382109984,469,Corrective,1171.7321601077792,0
2022-02-07 02:00:00,22.505884199600942,0.08270482584528537,445,Corrective,864.4683133942285,0
2022-02-07 03:00:00,24.902455343788766,0.03745132416578795,692,Corrective,1238.9024983795684,0
2022-02-07 04:00:00,21.44728966583754,0.08696110988691391,718,Preventive,982.658420351245,0
2022-02-07 05:00:00,26.285692473489817,0.06088864891107898,569,Corrective,813.6446494433067,0
2022-02-07 06:00:00,26.366624500674966,0.051449731751156726,625,Corrective,626.8677892595991,1
2022-02-07 07:00:00,25.259820200687468,0.040414877177092516,460,Preventive,1213.380786167736,1
2022-02-07 08:00:00,26.22918877796812,0.040579175629655205,627,Preventive,1435.1597716570714,0
2022-02-07 09:00:00,21.108941671517304,0.025146417956942724,620,Corrective,833.2241744903209,1
2022-02-07 10:00:00,29.98188767380821,0.04694461560241269,442,Preventive,954.4834105914354,1
2022-02-07 11:00:00,26.95013205184841,0.08052239632258289,400,Preventive,1193.422409313876,0
2022-02-07 12:00:00,28.430025598280412,0.0514139266166272,576,Preventive,1324.8118494288196,0
2022-02-07 13:00:00,20.68779346687256,0.06306872321980474,629,Preventive,594.7622435062126,0
2022-02-07 14:00:00,21.865271289078706,0.09755178145773412,520,Preventive,1489.0052339705005,0
2022-02-07 15:00:00,28.34327304480662,0.03312934163545873,630,Preventive,1246.4121527645384,1
2022-02-07 16:00:00,26.973326180719766,0.09250374989908056,738,Corrective,1392.1585490471462,0
2022-02-07 17:00:00,27.337671453471607,0.06437642680681435,779,Preventive,603.7099056482728,0
2022-02-07 18:00:00,20.655076417618726,0.06215333446087862,683,Corrective,919.0323930430449,0
2022-02-07 19:00:00,23.121230981253994,0.01830885368769125,511,Corrective,1198.3500184897239,0
2022-02-07 20:00:00,26.95656664836412,0.0711135212235574,532,Corrective,731.578166049333,0
2022-02-07 21:00:00,23.669402084032455,0.06757376847693082,632,Corrective,1198.2780631678097,1
2022-02-07 22:00:00,29.234219334387134,0.06638567618267391,776,Preventive,848.0268114141186,1
2022-02-07 23:00:00,24.627697526924628,0.06933458965198994,712,Corrective,738.9357563479881,1
2022-02-08 00:00:00,21.022453239821086,0.06740211466537584,668,Preventive,1276.2183124638186,1
2022-02-08 01:00:00,22.84952783840489,0.038117216829867635,536,Preventive,1348.7987736250268,1
2022-02-08 02:00:00,24.057823573720448,0.02171697514669589,407,Corrective,1161.6930582757118,1
2022-02-08 03:00:00,21.823860308281315,0.03626977213950997,405,Preventive,852.5309197792203,0
2022-02-08 04:00:00,24.12660297610816,0.03469812912270999,697,Corrective,1148.2036584277407,1
2022-02-08 05:00:00,28.56733381427474,0.025139390408455496,405,Preventive,829.1674194833961,0
2022-02-08 06:00:00,26.539807660395077,0.015534705490401753,490,Preventive,1439.4667974696415,1
2022-02-08 07:00:00,25.551732967298978,0.023157570405944225,632,Corrective,576.2999277397928,1
2022-02-08 08:00:00,24.380490943165043,0.021574786384414943,729,Preventive,661.7613937554232,0
2022-02-08 09:00:00,28.89643380848384,0.09221603381466303,696,Preventive,534.2509262252632,0
2022-02-08 10:00:00,24.817776492498723,0.042313861051409836,476,Corrective,596.1000138915497,1
2022-02-08 11:00:00,25.983094652632307,0.05203229764702708,734,Preventive,1212.2479476900824,1
2022-02-08 12:00:00,22.623658934182618,0.07919925471582487,645,Preventive,1074.5550440602178,1
2022-02-08 13:00:00,22.396245183801025,0.0674563303808756,503,Corrective,1432.456750392722,0
2022-02-08 14:00:00,20.08849898936261,0.06973957403602524,533,Preventive,1018.4912639027291,0
2022-02-08 15:00:00,29.057841488055146,0.07989013646805436,716,Preventive,598.8118666657429,0
2022-02-08 16:00:00,22.452486238579464,0.019907690911114995,420,Corrective,1186.384716951683,0
2022-02-08 17:00:00,29.715877319119965,0.017175458146577418,658,Preventive,1069.7053421981595,0
2022-02-08 18:00:00,22.62773680499849,0.05611544908925464,709,Corrective,611.261124429526,1
2022-02-08 19:00:00,27.770402747102846,0.09673714434272937,472,Corrective,525.9425724352903,1
2022-02-08 20:00:00,26.565242488306048,0.0618207254055919,749,Corrective,1114.404750504402,1
2022-02-08 21:00:00,25.284852136062447,0.0788814623575597,746,Preventive,1432.2728642170632,1
2022-02-08 22:00:00,21.858148540222953,0.02732457570396215,475,Corrective,1480.1656337873594,1
2022-02-08 23:00:00,28.242536596595308,0.01251674548854765,600,Preventive,729.091751853738,0
2022-02-09 00:00:00,29.554458372087254,0.029580395642787347,596,Corrective,942.3048760760917,1
2022-02-09 01:00:00,21.590267262839625,0.07954360819959526,560,Corrective,1269.7265519505247,1
2022-02-09 02:00:00,21.911337211926877,0.02590578627033565,501,Corrective,706.8647690391772,0
2022-02-09 03:00:00,24.246030975633474,0.04395736583531148,568,Preventive,1173.3202567486483,0
2022-02-09 04:00:00,20.494231726793437,0.0943856124324327,632,Corrective,1127.2199719388607,1
2022-02-09 05:00:00,20.47364077758053,0.09721771305016047,702,Corrective,829.7235738167797,0
2022-02-09 06:00:00,21.00393355974114,0.0963306291516519,522,Preventive,1145.0035979681688,0
2022-02-09 07:00:00,21.48547004864091,0.05239062688849256,505,Preventive,886.6603641069355,1
2022-02-09 08:00:00,20.8559375207975,0.0734036938278509,532,Preventive,565.4656227652118,0
2022-02-09 09:00:00,22.004864829782825,0.04839068972481458,683,Corrective,1292.4246467922017,1
2022-02-09 10:00:00,26.489544762617868,0.025423811955371682,471,Corrective,1039.9989730153682,0
2022-02-09 11:00:00,25.852508837176686,0.0649916464269155,731,Preventive,1415.747383936455,1
2022-02-09 12:00:00,23.77522301265826,0.0376155466602821,625,Corrective,808.6313728208052,0
2022-02-09 13:00:00,27.781909237873595,0.07942224616972761,515,Corrective,1393.533266042305,1
2022-02-09 14:00:00,21.84021392983905,0.051064376911392276,654,Preventive,709.2391607927826,0
2022-02-09 15:00:00,24.872742194075474,0.09886398244577707,494,Corrective,848.5381601478934,0
2022-02-09 16:00:00,22.27402669922057,0.07822917568829972,714,Preventive,1462.3828339169745,1
2022-02-09 17:00:00,26.912288925968696,0.016167830338043268,412,Corrective,515.3953899231464,0
2022-02-09 18:00:00,27.009324913798167,0.07648322534753618,759,Preventive,907.6571824544556,0
2022-02-09 19:00:00,29.405157919495807,0.013291598514418714,665,Corrective,981.4925489772597,0
2022-02-09 20:00:00,21.647751132024613,0.09255355505580125,737,Corrective,668.9643838240091,0
2022-02-09 21:00:00,21.193547496809447,0.010872461634066351,531,Corrective,1200.4943958607146,1
2022-02-09 22:00:00,29.48364545338183,0.013317784335819951,715,Corrective,1242.7545130432486,0
2022-02-09 23:00:00,21.123394770325557,0.015583854128276342,515,Preventive,593.6806742609382,0
2022-02-10 00:00:00,29.24227264015053,0.05128194958421505,775,Corrective,1240.7308094162045,0
2022-02-10 01:00:00,27.846288955696302,0.02335239065044875,658,Corrective,770.6966448200321,0
2022-02-10 02:00:00,21.85592940730786,0.012001684685604603,506,Corrective,972.61708292317,1
2022-02-10 03:00:00,28.305064675822287,0.06294108346493145,484,Corrective,742.5230257262781,0
2022-02-10 04:00:00,20.2848056587458,0.05718610938415889,513,Corrective,963.4176810016124,1
2022-02-10 05:00:00,25.62175671231401,0.08232069057792402,486,Preventive,1408.4314648342574,0
2022-02-10 06:00:00,24.136269131120688,0.018526078076653234,483,Preventive,1046.2613663358388,0
2022-02-10 07:00:00,23.519886412452294,0.017972506300322686,400,Preventive,1322.5782863036015,0
2022-02-10 08:00:00,27.799360113989156,0.07196985414588111,456,Preventive,539.742094898837,1
2022-02-10 09:00:00,24.370071748197876,0.09964130704856901,503,Corrective,1310.175573429043,0
2022-02-10 10:00:00,28.19358467518517,0.09940745210281857,506,Corrective,1089.9890649347676,1
2022-02-10 11:00:00,20.094068126254495,0.023335899608423687,481,Preventive,1401.297436949514,0
2022-02-10 12:00:00,25.327024186084795,0.04977290591233554,611,Corrective,816.0841209973571,1
2022-02-10 13:00:00,26.398490954260115,0.06820217574977917,507,Corrective,1352.301439056301,0
2022-02-10 14:00:00,23.257324041805763,0.08223759381868026,765,Corrective,944.7499934921893,0
2022-02-10 15:00:00,28.534213204353883,0.014695876271490712,753,Preventive,1428.3879104786192,0
2022-02-10 16:00:00,26.78863040419951,0.048024291782938926,583,Preventive,924.0419185635924,0
2022-02-10 17:00:00,21.737116431972744,0.013257944603764213,571,Corrective,876.2470593096725,0
2022-02-10 18:00:00,23.353712600081366,0.08339585236417228,656,Corrective,676.4112641213865,0
2022-02-10 19:00:00,21.268993925657508,0.0853254826299444,733,Preventive,1360.9639405770822,1
2022-02-10 20:00:00,25.798735177443394,0.09390362784739392,530,Preventive,796.2990007378596,0
2022-02-10 21:00:00,28.62210747559643,0.02388920655716016,424,Preventive,1352.5921963666597,0
2022-02-10 22:00:00,29.911988496391825,0.06564998413108596,612,Preventive,655.8207745294062,0
2022-02-10 23:00:00,25.527702746550727,0.06949038830196712,657,Preventive,539.1091868538971,0
2022-02-11 00:00:00,20.43202736183521,0.04522736604857587,523,Corrective,1183.2799462126798,1
2022-02-11 01:00:00,28.12334296335876,0.03129114748649137,632,Preventive,1347.6484126824353,0
2022-02-11 02:00:00,25.00762913132114,0.013949815998831896,765,Corrective,857.6851479393667,1
2022-02-11 03:00:00,21.536194918240334,0.033798583217569525,470,Corrective,866.8857117111972,1
2022-02-11 04:00:00,21.182076776850717,0.03992311791278215,462,Preventive,629.3635782006324,0
2022-02-11 05:00:00,27.64703550471804,0.08578924053367495,690,Corrective,1360.5382878143612,0
2022-02-11 06:00:00,20.45799540111397,0.010298450396390327,793,Corrective,1023.0377685111188,0
2022-02-11 07:00:00,23.054179099340708,0.053168671507045615,718,Corrective,557.7992452813384,0
2022-02-11 08:00:00,28.4274345431624,0.09214320254516459,617,Corrective,933.1044323493237,0
2022-02-11 09:00:00,26.259357119474572,0.015055847126928867,703,Corrective,676.2361806088999,0
2022-02-11 10:00:00,25.298914376442525,0.07336443565070294,602,Preventive,795.5649047180223,0
2022-02-11 11:00:00,29.161501925121094,0.013428944547610563,618,Preventive,1216.8116241086852,0
2022-02-11 12:00:00,24.969504379056804,0.02242586160549776,544,Preventive,1393.4365080106859,0
2022-02-11 13:00:00,24.5625968113999,0.026600114695042594,695,Corrective,1217.2229619156064,0
2022-02-11 14:00:00,29.469568118488475,0.07660224401160698,565,Corrective,1006.2393883991219,1
2022-02-11 15:00:00,20.37962078813119,0.09289364136775907,501,Corrective,1457.6038278036635,0
